Token,Predict
man,man.n.01
is,O
opening,open.v.01
soda,sodium_carbonate.n.01
and,O
drinking,drink.v.01
piano,piano.n.01
is,O
being,O
played,play.v.01
by,O
someone,person.n.01
woman,woman.n.01
is,O
riding,ride.v.01
water~scooter,O
Men,man.n.01
are,O
sawing,saw.v.01
logs,log.n.01
Potatoes,potato.n.01
are,O
being,O
sliced,slice.v.03
by,O
woman,woman.n.01
is,O
not,O
as,O
punctual,punctual.a.01
little~sister,little_sister.n.01
Egyptian,country.n.02
government,government.n.01
on,O
dismissed,dismiss.v.01
speculation,guess.n.01
group,group.n.01
of,O
missing,miss.v.06
had,O
helped,help.v.01
in,O
bombings,bombing.n.01
is,O
meters,meter.n.01
high,high.a.02
movie,movie.n.01
starts,start.v.02
at,O
ten~o'clock,O
books,book.n.02
are,O
easier,easy.a.01
than,O
How,O
wide,wide.a.01
is,O
river,river.n.01
bought,buy.v.01
dress,dress.n.01
at,O
low,low.a.01
price,price.n.02
stayed,stay.v.02
at,O
home,home.n.01
because,O
was,O
sick,sick.a.01
was,O
too,O
proud,proud.a.01
to,O
ask,ask.v.01
for,O
help,help.v.01
complained,complain.v.01
about,O
noise,noise.n.01
say,say.v.01
is,O
seriously,seriously.r.01
ill,ill.a.01
is,O
very,very.r.01
intelligent,intelligent.a.01
snows,snow.v.01
Do,O
like,like.v.02
music,music.n.01
How,O
much,O
are,O
pants,pants.n.03
concert,concert.n.01
was,O
very,very.r.01
good,good.a.01
closed,closed.a.01
door,door.n.01
owns,own.v.01
two,O
houses,house.n.01
and,O
boat,boat.n.01
din,boom.v.01
nae,O
ken,know.v.04
was,O
bewitched,bewitch.v.03
by,O
smile,smile.n.01
little~sister,little_sister.n.01
goes,go.v.01
to,O
nursery~school,O
brother,brother.n.01
wants,want.v.01
to,O
kill,kill.v.01
hates,hate.v.01
everybody,person.n.01
book,book.n.02
is,O
on,O
table,table.n.02
has,O
hat,hat.n.01
on,O
final,final.a.01
score,score.n.03
was,O
composed,compose.v.02
How,O
old,old.a.01
is,O
Deng~Xiaoping,O
wrote,write.v.01
is,O
was,O
kissed,kiss.v.01
by,O
Two,O
doctors,doctor.n.01
were,O
talking~shop,O
trip,trip.n.01
was,O
canceled,cancel.v.01
because,O
of,O
terrible,terrible.a.01
storm,storm.n.01
read,read.v.01
letter,letter.n.01
again~and~again,O
've,O
never,O
been,O
to,O
is,O
studying,study.v.05
in,O
library,library.n.03
now,O
saw,see.v.01
flying~saucer,O
broken,broken.a.01
window,window.n.01
was,O
boarded,board.v.01
up,O
embraces,embrace.v.01
How,O
many,O
films,movie.n.01
did,O
watch,watch.n.01
yesterday,O
hype,ballyhoo.n.01
began,begin.v.01
to,O
learn,learn.v.01
likes,like.v.02
vanilla~ice~cream,vanilla_ice_cream.n.01
How,O
many,O
oranges,orange.n.01
did,O
buy,buy.v.01
captured,capture.v.03
thief,thief.n.01
book,book.n.02
belongs,belong.v.01
to,O
school,school.n.02
library,library.n.03
'm,O
thirty,O
years,year.n.01
old,old.a.01
stone,stone.n.01
was,O
so,so.r.01
heavy,heavy.a.01
could,O
not,O
lift,lift.v.01
drunken,bibulous.s.01
man,man.n.01
could,O
n't,O
walk,walk.v.01
straight,straight.a.08
is,O
clever,clever.a.02
envied,envy.v.01
success,success.n.02
government,government.n.01
imposed,impose.v.03
new,new.a.01
tax,tax.n.01
on,O
farmers,farmer.n.01
'll,O
be,O
in,O
lab,lab.n.01
lion,lion.n.01
roars,boom.n.01
writes,write.v.01
about,O
stopped,stop.v.02
digging,dig.v.02
fire,fire.n.01
broke,break_out.v.01
out,O
in,O
middle,middle.n.01
of,O
city,city.n.01
football,football.n.01
is,O
made,make.v.06
of,O
genuine,genuine.a.01
leather,leather.n.01
's,O
top~secret,top-secret.a.01
Have,O
googled,google.v.01
taught,teach.v.01
at,O
never,O
told,tell.v.02
last~name,last_name.n.01
uncorked,uncork.v.01
bottle,bottle.n.01
reek,smack.v.02
of,O
alcohol,alcohol.n.01
am,O
bit,O
drunk,drunk.a.01
had,O
pen,pen.n.01
stolen,steal.v.01
regret,regret.v.01
nothing,entity.n.01
speech,speech.n.01
lacked,lack.v.01
consistency,consistency.n.01
were,O
waiting,wait.v.01
for,O
boat,boat.n.01
many,O
hours,hour.n.01
piled,pile_up.v.01
wood,wood.n.01
in,O
backyard,backyard.n.01
's,O
favorite,favorite.a.02
hotel,hotel.n.01
in,O
crossed,cross.v.01
street,street.n.01
lot,O
of,O
people,person.n.01
were,O
waiting,wait.v.01
for,O
has,O
n't,O
shared,share.v.01
public,public.n.01
photos,photo.n.01
yet,O
is,O
allergic,allergic.a.02
to,O
milk,milk.n.01
In,O
book,book.n.02
lots,O
of,O
coincidences,coincidence.n.01
happen,happen.v.02
counted,count.v.01
flowers,flower.n.01
in,O
garden,garden.n.01
test,test.n.02
cleared,clear.v.01
of,O
charges,charge.n.01
brother,brother.n.01
is,O
good,good.a.01
at,O
playing,play.v.01
tennis,tennis.n.01
was,O
approached,approach.v.01
by,O
uncorked,uncork.v.01
bottle,bottle.n.01
with,O
teeth,tooth.n.01
chickened,O
out,O
Anybody,person.n.01
wants,want.v.01
book,book.n.02
can,O
be,O
given,give_out.v.02
's,O
older,old.a.01
than,O
father,father.n.01
bought,buy.v.01
dictionary,dictionary.n.01
too,O
ran,run_away.v.01
from,O
wound,wound.n.01
asked,ask.v.01
to,O
open,open.a.01
window,window.n.01
live,live.v.01
near,O
dam,dam.n.01
had,O
head,head.n.01
cut,cut.v.01
off,O
cyclists,cyclist.n.01
are,O
wearing,wear.v.01
cyclist,cyclist.n.01
shorts,shorts.n.01
made,make.v.06
of,O
spandex,spandex.n.01
was,O
years,year.n.01
old,old.a.01
heater,heater.n.01
does,O
n't,O
work,work.v.02
have,O
few,O
friends,friend.n.01
'm,O
reading,read.v.01
book,book.n.02
majored,major.v.01
in,O
college,college.n.02
threw,throw.v.01
in,O
river,river.n.01
smokes,smoke.n.01
dyed,dye.v.01
hair,hair.n.01
blue,blue.a.01
officials,official.n.01
do,O
n't,O
understand,understand.v.01
finance,finance.n.01
at~all,O
're,O
heading,head.v.01
home,home.n.01
do,O
n't,O
want,want.v.01
to,O
argue,argue.v.01
with,O
's,O
always,O
gossiping,gossiping.n.01
wants,want.v.01
to,O
walk,walk.v.01
'm,O
watching,watch.v.03
movie,movie.n.01
In~other~words,O
's,O
dumb,dense.s.04
of,O
friends,friend.n.01
like,like.v.02
computer~games,O
was,O
stung,sting.v.02
by,O
bee,bee.n.01
waved,wave.v.01
at,O
from,O
helicopter,helicopter.n.01
made,make.v.06
speech,speech.n.01
in,O
support,support.v.02
of,O
plan,plan.n.01
was,O
poor,poor.a.04
and,O
lived,live.v.01
in,O
cabin,cabin.n.01
Emily,female.n.02
will,O
surprise,surprise.v.01
hates,hate.v.01
has,O
new,new.a.01
car,car.n.01
and,O
old,old.a.01
car,car.n.01
banged,bang.v.01
against,O
tree,tree.n.01
is,O
called,call.v.01
in,O
told,tell.v.02
'd,O
lost,lose.v.02
watch,watch.n.01
For,O
years,year.n.01
suffered,suffer.v.02
from,O
migraine,O
headaches,concern.n.04
Get,get.v.01
number,number.n.04
of,O
young,young.a.01
girl,girl.n.01
friend,friend.n.01
's,O
in,O
other,O
room,room.n.01
's,O
been,O
in,O
hospital,hospital.n.01
for,O
month,month.n.02
was,O
accepted,accept.v.02
by,O
baked,bake.v.02
three~dozen,O
cookies,cookie.n.01
was,O
very,very.r.01
tired,tired.a.01
today,O
watch,watch.n.01
is,O
waterproof,waterproof.a.01
Long,long.a.02
skirts,skirt.n.01
are,O
out~of~fashion,unfashionable.a.01
now,O
There,O
was,O
beautiful,beautiful.a.01
woman,woman.n.01
with,O
black,black.a.01
hair,hair.n.01
in,O
park,park.n.02
How,O
much,O
do,O
carrots,carrot.n.01
cost,cost.v.01
failed,fail.v.01
to,O
catch,catch.v.19
train,train.n.01
swarm,swarm.n.02
of,O
hornets,hornet.n.01
attacked,attack.v.04
children,child.n.02
guess,guess.v.01
is,O
was,O
robbed,rob.v.01
of,O
money,money.n.01
on,O
way,O
home,home.n.01
sad,sad.a.01
story,story.n.01
visited,visit.v.02
in,O
three,O
years,year.n.01
ago,O
've,O
gained,gain.v.09
three,O
kilograms,kilogram.n.01
and,O
are,O
playing,play.v.01
poker,poker.n.01
flew,fly.v.01
from,O
to,O
All,O
seats,seat.n.07
are,O
booked,book.v.01
know,know.v.01
's,O
still,O
in~love,in_love.a.01
with,O
little~sister,little_sister.n.01
looks,look_like.v.01
like,like.v.02
mum,mum.n.02
All,O
apple~trees,apple_tree.n.01
were,O
cut,cut.v.01
down,O
galloping,gallop.v.01
inflation,inflation.n.01
has,O
been,O
lasting,last.v.01
for,O
three,O
years,year.n.01
now,O
People,person.n.01
are,O
frustrated,thwart.v.01
and,O
angry,angry.a.01
How,O
many,O
letters,letter.n.01
does,O
Russian,country.n.02
alphabet,alphabet.n.01
have,O
's,O
totally,totally.r.01
wrong,wrong.a.01
toy,toy.n.01
was,O
broken,broken.a.01
by,O
little~sister,little_sister.n.01
have,O
funny,funny.a.01
laugh,laugh.v.01
Let,O
not,O
play,play.v.01
tennis,tennis.n.01
There,O
are,O
many,O
red,red.a.01
flowers,flower.n.01
in,O
garden,garden.n.01
long,long.a.02
bridge,bridge.n.01
is,O
was,O
worn,wear.v.01
out,O
and,O
leaned,lean.v.01
against,O
apple~tree,apple_tree.n.01
scaled,scale.v.01
three,O
times,time.n.01
drove,drive.v.02
home,home.n.01
in,O
sports~car,sports_car.n.01
is,O
friend,friend.n.01
of,O
mine,O
boy,boy.n.01
speaking,speak.v.02
is,O
taller,tall.a.01
than,O
want,want.v.01
to,O
kill,kill.v.01
somebody,person.n.01
squirrel,squirrel.n.01
hid,hide.v.02
among,O
branches,branch.n.02
There,O
are,O
always,O
lot,O
of,O
vehicles,vehicle.n.01
on,O
road,road.n.01
sharpened,sharpen.v.01
knives,knife.n.01
nose,nose.n.01
itches,itch.v.03
houses,house.n.01
are,O
years,year.n.01
old,old.a.01
walked,walk.v.01
about,O
mile,mile.n.01
pulled,pull.v.15
muscle,muscle.n.01
'll,O
give,give.v.03
book,book.n.02
father,father.n.01
complained,complain.v.01
about,O
traffic,traffic.n.01
noise,noise.n.01
weighs,weigh.v.01
pounds,pound.n.01
school,school.n.02
expelled,expel.v.01
Let,O
's,O
speak,speak.v.03
about,O
Do,O
tigers,tiger.n.02
purr,whizz.v.01
've,O
never,O
excelled,excel.v.01
at,O
chess,chess.n.02
drank,drink.v.01
three,O
bottles,bottle.n.02
of,O
beer,beer.n.01
married,marry.v.01
rich,rich.a.01
girl,girl.n.01
from,O
've,O
been,O
married,marry.v.01
for,O
three,O
years,year.n.01
got,O
up,O
minute,minute.n.01
ago,O
Put,put.v.01
scarf,scarf.n.01
around,O
neck,neck.n.01
'm,O
not,O
vegetarian,vegetarian.n.01
None,entity.n.01
of,O
books,book.n.02
are,O
useful,useful.a.01
was,O
arrested,arrest.v.01
because,O
stole,steal.v.01
money,money.n.01
swam,swim.v.01
in,O
sea,sea.n.01
comic~books,comic_book.n.01
were,O
piled,pile_up.v.01
on,O
desk,desk.n.01
was,O
born,bear.v.02
in,O
think,think.v.01
is,O
nasty,nasty.a.01
took,take.v.02
doctor,doctor.n.01
eight,O
hours,hour.n.01
to,O
do,O
operation,operation.n.03
never,O
saw,see.v.01
giraffe,giraffe.n.01
always,O
listens,listen.v.01
to,O
serious,serious.a.03
music,music.n.01
chose,choose.v.01
nice,nice.a.01
tie,tie.n.01
said,say.v.01
did,O
n't,O
matter,matter.v.01
bought,buy.v.01
lipstick,lipstick.n.01
for,O
Where,location.n.01
is,O
journey,journey.n.01
taking,take.v.18
cottage,bungalow.n.01
reminds,remind.v.01
of,O
one,person.n.01
was,O
born,bear.v.02
in,O
vending~machine,O
is,O
n't,O
working,work.v.02
'm,O
not,O
proud,proud.a.01
of,O
behaviour,behaviour.n.02
people,person.n.01
do,O
n't,O
wear,wear.v.01
pajamas,pajama.n.01
did,O
n't,O
offer,offer.n.02
explanation,explanation.n.01
have,O
new,new.a.01
email,email.n.01
address,address.n.02
's,O
popular,popular.a.01
among,O
elderly,elderly.n.01
is,O
linguist,linguist.n.01
speaks,speak.v.03
English,english.n.01
fluently,fluently.r.01
talking,talk.v.01
to,O
yourself,O
again,O
Not,O
everyone,person.n.01
in,O
likes,like.v.02
dog,dog.n.01
is,O
chasing,chase.v.01
ball,ball.n.01
hole,hole.n.01
is,O
being,O
burrowed,burrow.v.01
by,O
badger,badger.n.02
grandmother,grandmother.n.01
is,O
already,O
more~than,O
ninety,ninety.n.01
years,year.n.01
old,old.a.01
bought,buy.v.01
album,album.n.01
belongs,belong.v.01
to,O
worked,work.v.02
for,O
Italian,country.n.02
director,director.n.04
is,O
awarded,award.v.01
honorary,honorary.s.01
Oscar,academy_award.n.01
'm,O
very,very.r.01
sensitive,sensitive.a.01
to,O
cold,cold.n.01
have,O
blanket,blanket.n.01
killed,kill.v.01
mother,mother.n.01
Someone,person.n.01
stole,steal.v.01
passport,passport.n.02
union,union.n.01
of,O
and,O
took,take.v.02
place,O
in,O
clouds,cloud.n.02
look,look_for.v.01
like,like.v.02
flock,flock.n.01
of,O
white,white.a.01
sheep,sheep.n.01
assure,guarantee.v.02
error,error.n.01
like,like.v.02
will,O
never,O
happen,happen.v.02
again,O
There,O
are,O
lots,O
of,O
animals,animal.n.01
in,O
park,park.n.02
head,head.n.01
aches,ache.v.03
come,come.v.02
from,O
south,south.n.04
of,O
was,O
less~than,O
fifteen,O
dollars,dollar.n.01
student,student.n.01
is,O
American,country.n.02
mother,mother.n.01
was,O
exhausted,exhausted.a.01
dentist,dentist.n.01
put,put.v.01
in,O
temporary,impermanent.a.01
filling,fill.v.01
is,O
n't,O
alone,entirely.r.02
anymore,O
dropped,drop.v.01
out,O
of,O
school,school.n.02
shaved,shave.v.01
mustache,mustache.n.01
off,O
fiancé,O
gave,give.v.03
very,very.r.01
big,big.a.01
ring,ring.n.08
cat,cat.n.01
has,O
two,O
ears,ear.n.01
's,O
's,O
shoes,shoe.n.01
are,O
dirty,dirty.a.01
had,O
cold,cold.n.01
but,O
went,go.v.01
to,O
work,work.v.02
is,O
so,so.r.01
depressing,depressing.a.01
blood,blood.n.01
is,O
red,red.a.01
sha,O
n't,O
know,know.v.01
sends,send.v.01
thanked,thank.v.01
and,O
stuck,stick.v.01
rose,rise.v.01
in,O
button-hole,O
supports,support.v.01
suspicion,intuition.n.02
bank,bank.n.02
employee,employee.n.01
was,O
involved,involve.v.02
in,O
crime,crime.n.01
sea,sea.n.01
is,O
near,O
How,O
did,O
die,die.v.01
How,O
many,O
people,person.n.01
visited,visit.v.02
in,O
're,O
being,O
contentious,contentious.s.01
is,O
n't,O
safe,safe.a.01
Many,O
restaurants,restaurant.n.01
now,O
have,O
free,free.a.04
dogs,dog.n.01
started,start.v.02
barking,bark.v.04
at,O
pretty,pretty.a.01
robin,robin.n.01
landed,land.v.02
on,O
room,room.n.01
's,O
windowsill,windowsill.n.01
called,call.v.01
at,O
eleven,O
designed,design.v.03
building,building.n.01
does,O
n't,O
speak,speak.v.03
to,O
is,O
puzzled,puzzle.v.01
is,O
bustling,bustle.v.01
about,O
in,O
kitchen,kitchen.n.01
a~hundred,O
homes,home.n.02
have,O
been,O
damaged,damage.v.01
by,O
flood,flood.n.01
's,O
right,O
eye,eye.n.01
is,O
twitching,twitch.v.01
again,O
How,O
many,O
kilograms,kilogram.n.01
do,O
weigh,weigh.v.01
's,O
futile,futile.s.01
lovely,lovely.a.01
puppies,puppy.n.01
are,O
house,house.n.01
is,O
on,O
south,south.n.04
bank,bank.n.02
of,O
looking,look.v.04
is,O
very,very.r.01
bright,bright.a.03
is,O
self-centered,egoistic.a.01
put,put.v.01
few,O
blueberries,blueberry.n.01
in,O
tea,tea.n.01
was,O
aching,ache.v.03
for,O
cigarette,cigarette.n.01
bank,bank.n.02
was,O
run,run_over.v.01
by,O
private~citizens,O
is,O
confident,confident.a.01
of,O
friends,friend.n.01
like,like.v.02
dishonest,dishonest.a.01
fellow,fellow.n.01
is,O
awkward,awkward.a.06
actual,actual.a.01
cost,cost.v.01
was,O
higher,high.a.02
than,O
estimate,estimate.v.01
'm,O
as,O
tall,tall.a.01
father,father.n.01
town,town.n.01
is,O
two,O
miles,mile.n.01
away,O
from,O
coast,coast.n.01
stuck,stick.v.01
pencil,pencil.n.01
behind,O
ear,ear.n.01
grandmother,grandmother.n.01
suffers,suffer.v.02
from,O
osteoporosis,osteoporosis.n.01
price,price.n.02
is,O
low,low.a.01
but,O
quality,quality.n.01
n't,O
very,very.r.01
good,good.a.01
like,like.v.02
comic~books,comic_book.n.01
is,O
two,O
years,year.n.01
older,old.a.01
than,O
bought,buy.v.01
dictionary,dictionary.n.01
too,O
great,great.a.04
place,O
answered,answer.v.02
of,O
letters,letter.n.01
won,win.v.01
silver~medal,silver_medal.n.01
expedition,expedition.n.01
will,O
be,O
expensive,expensive.a.01
chased,chase.v.01
thief,thief.n.01
and,O
stopped,stop.v.02
picked,pick.v.02
up,O
hitchhiker,hitchhiker.n.01
There,O
are,O
ten~thousand,O
students,student.n.01
in,O
university,university.n.02
're,O
smiling,smile.v.01
hung,hang.v.02
up,O
There,O
is,O
dragonfly,dragonfly.n.01
on,O
ceiling,ceiling.n.01
hate,hate.v.01
rug,rug.n.01
trusted,trust.v.01
won,win.v.01
many,O
competitions,competition.n.02
found,find.v.01
dried,dry.v.01
salted,salt.v.01
beef,beef.n.01
do,O
n't,O
work,work.v.02
for,O
nobody,person.n.01
There,O
are,O
lot,O
of,O
tattoos,tattoo.n.01
on,O
body,person.n.01
was,O
defeated,defeat.v.01
had,O
breakfast,breakfast.n.01
at,O
correct,correct.a.01
is,O
n't,O
tall,tall.a.01
sails,sail.v.01
to,O
turned,turn.v.03
doorknob,doorknob.n.01
How,O
many,O
flowers,flower.n.01
are,O
there,O
in,O
vase,vase.n.01
bought,buy.v.01
red,red.a.01
sweater,sweater.n.01
at,O
shop,shop.n.01
has,O
ring,ring.n.08
is,O
ruined,ruin.v.01
tool,tool.n.01
is,O
good~for~nothing,good-for-nothing.a.01
thought,think.v.01
guy,guy.n.01
had,O
gun,gun.n.01
so,so.r.01
shot,shoot.v.01
're,O
fabulous,fabulous.s.01
kissed,kiss.v.01
was,O
already,O
in~love,in_love.a.01
with,O
curtain,curtain.n.01
fell,fall.v.03
amid,O
wild,wild.a.02
applause,applause.n.01
of,O
audience,audience.n.01
did,O
hear,hear.v.01
rumor,rumor.n.01
from,O
loves,love.v.01
chocolate,chocolate.n.02
too,O
put,put.v.01
thermometer,thermometer.n.01
under,O
arm,arm.n.01
am,O
peeling,peel.v.01
apples,apple.n.01
served,serve.v.06
coffee,coffee.n.01
Boiling,boil.v.01
lobsters,lobster.n.01
is,O
illegal,illegal.a.01
in,O
town,town.n.01
of,O
picked,pick.v.02
broken,broken.a.01
glass,glass.n.02
off,O
floor,floor.n.01
threw,throw.v.01
stone,stone.n.01
at,O
dog,dog.n.01
girl,girl.n.01
is,O
playing,play.v.01
flute,flute.n.01
is,O
kind,entity.n.01
of,O
money,money.n.01
has,O
been,O
stolen,steal.v.01
ear,ear.n.01
is,O
itching,itching.n.01
poured,pour.v.01
water,water.n.06
into,O
bucket,bucket.n.01
company,company.n.01
invested,invest.v.01
lot,O
of,O
money,money.n.01
in,O
project,project.n.01
got,O
into,O
car,car.n.01
spoke,speak.v.02
to,O
teacher,teacher.n.01
Where,location.n.01
is,O
classroom,classroom.n.01
's,O
on,O
third,O
floor,floor.n.01
broke,break_out.v.01
's,O
clarinet,clarinet.n.01
convinced,convinced.a.01
was,O
wrong,wrong.a.01
are,O
dyeing,dye.v.01
hair,hair.n.01
brown,brown.a.01
Let,O
fly,fly.v.01
kite,kite.n.03
's,O
bit,O
jealous,jealous.a.01
bananas,banana.n.02
are,O
not,O
ripe,ripe.a.01
Three,O
people,person.n.01
were,O
arrested,arrest.v.01
clerk,clerk.n.01
labeled,label.v.01
baggage,baggage.n.01
did,O
n't,O
flunk,fail.v.07
title,title.n.02
of,O
play,play.v.01
is,O
car,car.n.01
consumes,devour.v.03
lot,O
of,O
fuel,fuel.v.01
mess,mess.n.01
Cat~Stevens,O
is,O
not,O
cat,cat.n.01
's,O
singer,singer.n.01
house,house.n.01
had,O
garden,garden.n.01
wind,wind.n.01
fanned,fan.v.01
flames,flame.n.01
's,O
personal,personal.a.01
vocabulary,vocabulary.n.01
consisted,consist.v.04
of,O
about,O
eighty~thousand,O
words,word.n.01
know,know.v.01
dirty,dirty.a.01
jokes,joke.n.01
but,O
do,O
n't,O
tell,tell.v.02
Cinderella,cinderella.n.01
had,O
two,O
evil,evil.a.01
stepsisters,half_sister.n.01
has,O
drawn,pull.v.01
up,O
will,O
pants,pants.n.03
were,O
soaked,soak.v.01
baked,bake.v.02
apple~pie,apple_pie.n.01
'll,O
never,O
return,return.v.01
'm,O
freaking,freak_out.v.01
out,O
wrapped,wrap.v.02
sandwich,sandwich.n.01
in,O
plastic,plastic.n.01
wrap,wrap.n.01
're,O
confusing,confuse.v.01
with,O
is,O
n't,O
mad,mad.a.02
at,O
Do,O
like,like.v.02
're,O
not,O
girlfriend,girlfriend.n.02
anymore,O
have,O
nosebleed,nosebleed.n.01
originated,originate.v.01
psychoanalysis,psychoanalysis.n.01
prisoners,prisoner.n.01
have,O
vanished,disappear.v.01
zipped,zip_up.v.01
up,O
jacket,jacket.n.01
does,O
not,O
let,let_up.v.01
up,O
is,O
important,important.a.01
film,film.n.01
can,O
borrow,borrow.v.01
car,car.n.01
for,O
few,O
days,day.n.01
is,O
sport,sport.n.01
which,entity.n.01
never,O
called,call.v.01
off,O
by,O
rain,rain.n.01
guy,guy.n.01
is,O
party~pooper,O
sealed,sealed.a.02
envelope,envelope.n.01
boat,boat.n.01
sails,sail.v.01
through,O
want,want.v.01
to,O
go,go.v.01
was,O
born,bear.v.02
in,O
bit,O
compared,compare.v.03
answers,answer.v.01
with,O
's,O
researchers,research_worker.n.01
trained,train.v.01
monkeys,monkey.n.01
to,O
play,play.v.01
video~game,O
person,person.n.01
is,O
drinking,drink.v.01
orange~juice,orange_juice.n.01
and,O
walking,walk.v.01
was,O
founded,found.v.01
by,O
and,O
belongs,belong.v.01
to,O
was,O
king,O
of,O
from,O
to,O
is,O
under,O
chair,chair.n.01
asked,ask.v.01
is,O
as,O
tall,tall.a.01
father,father.n.01
children,child.n.02
took,take.v.02
ice~skates,O
and,O
made,make.v.06
for,O
frozen,frozen.a.05
pond,pond.n.01
learned,learn.v.01
Russian,country.n.02
instead,O
of,O
All,O
says,say.v.01
is,O
true,true.a.01
was,O
very,very.r.01
old,old.a.01
took,take.v.02
care,care.n.01
of,O
wound,wound.n.01
'm,O
hungry,hungry.a.01
woman,woman.n.01
is,O
from,O
speaks,speak.v.03
Chinese,country.n.02
Somebody,person.n.01
knows,know.v.01
speaks,speak.v.03
French,french.n.01
fluently,fluently.r.01
is,O
bigger,big.a.01
than,O
wizard,wizard.n.02
is,O
much,O
bigger,big.a.01
than,O
wife,wife.n.01
loves,love.v.01
apple~pie,apple_pie.n.01
aunt,aunt.n.01
had,O
three,O
kids,kid.n.01
is,O
not,O
as,O
big,big.a.01
is,O
scantily,scantily.r.01
clad,clothe.v.01
How,O
many,O
languages,language.n.01
do,O
speak,speak.v.03
have,O
stomachache,stomachache.n.01
company,company.n.01
and,O
marketing,selling.n.01
department,department.n.01
are,O
based,based.a.02
in,O
Ten,O
people,person.n.01
died,die.v.01
in,O
accident,accident.n.01
is,O
world,world.n.04
's,O
second,O
largest,large.a.01
island,island.n.01
company,company.n.01
is,O
led,lead.v.01
by,O
Everybody,person.n.01
applauded,applaud.v.01
ate,eat.v.01
apple,apple.n.01
'm,O
in,O
right,O
now,O
is,O
pregnant,pregnant.a.01
play,play.v.01
video~games,O
is,O
stoic,stoic.s.01
room,room.n.01
had,O
nice,nice.a.01
cozy,cozy.a.02
feel,feel.n.01
are,O
bored,bore.v.01
dog,dog.n.01
is,O
barking,bark.v.04
now,O
wife,wife.n.01
was,O
killed,kill.v.01
in,O
accident,accident.n.01
son,son.n.01
entered,enter.v.01
high~school,high_school.n.01
's,O
in,O
bathroom,bathroom.n.01
storm,storm.n.01
rattled,rattle.v.01
shutters,shutter.n.01
is,O
dark-skinned,colored.s.02
planted,plant.v.01
three,O
apple~trees,apple_tree.n.01
in,O
yard,yard.n.02
band,band.n.05
comes,come.v.08
to,O
town,town.n.01
tomorrow,O
Give,give.v.03
money,money.n.01
television,television.n.03
is,O
broken,broken.a.01
're,O
biased,bias.v.01
senses,feel.v.03
aliens,alien.n.03
are,O
watching,watch.v.03
parents,parent.n.01
hate,hate.v.01
Read,read.v.01
fucking,fucking.a.01
manual,manual.a.01
'm,O
already,O
married,marry.v.01
Polyglots,linguist.n.02
are,O
sexier,sexy.a.01
adores,adore.v.01
baby,baby.n.01
's,O
cute,cute.a.01
round,round.n.09
face,face.n.01
There,O
's,O
place,O
called,call.v.01
in,O
farm~workers,O
unloaded,unload.v.02
truck,truck.n.01
saw,see.v.01
on,O
TV,tv.n.02
convict,convict.n.01
has,O
escaped,escape.v.01
from,O
prison,prison.n.01
bridge,bridge.n.01
is,O
made,make.v.06
of,O
wood,wood.n.01
borrowed,borrow.v.01
screwdriver,screwdriver.n.01
from,O
friend,friend.n.01
of,O
mine,O
speaks,speak.v.03
German,country.n.02
is,O
napping,nap.v.01
on,O
sofa,sofa.n.01
has,O
been,O
sitting,sit.v.01
on,O
riverbank,riverbank.n.01
for,O
hours,hour.n.01
There,O
are,O
lot,O
of,O
earthquakes,earthquake.n.01
in,O
's,O
hungry,hungry.a.01
is,O
not,O
funny,funny.a.01
anymore,O
vote,vote.v.01
counts,count.v.07
turned,turn.v.03
down,O
radio,radio.n.02
's,O
anorexic,anorexic.n.01
How,O
old,old.a.01
is,O
tree,tree.n.01
is,O
absorbed,absorbed.a.01
in,O
study,study.v.05
of,O
is,O
favorite,favorite.a.02
composer,composer.n.01
Do,O
like,like.v.02
furniture,furniture.n.01
wife,wife.n.01
teaches,teach.v.01
Italian,country.n.02
daughter,daughter.n.01
was,O
born,bear.v.02
in,O
highest,high.a.02
mountain,mountain.n.01
in,O
is,O
meters,meter.n.01
high,high.a.02
Poaching,poach.v.01
is,O
illegal,illegal.a.01
hunters,hunter.n.01
aimed,aim.v.01
at,O
elephant,elephant.n.01
broke,break_out.v.01
up,O
with,O
saw,see.v.01
too,O
one,person.n.01
will,O
change,change.v.02
anything,entity.n.01
scratched,scratch.v.03
died,die.v.01
when,O
was,O
's,O
favorite,favorite.a.02
small,small.a.01
town,town.n.01
in,O
United~States,country.n.02
voyage,voyage.n.01
from,O
to,O
used,O
take,take_place.v.01
months,month.n.02
's,O
paraplegic,paraplegic.n.01
Should,O
call,call.v.03
left,leave.v.01
hour,hour.n.01
ago,O
is,O
watching,watch.v.03
should,O
be,O
ashamed,ashamed.a.01
of,O
stupidity,stupidity.n.01
's,O
test,test.n.02
will,O
be,O
difficult,difficult.a.01
girl,girl.n.01
at,O
door,door.n.01
is,O
Let,O
help,help.v.01
Yamamoto,yamamoto.n.01
had,O
one~hundred~sixty-two,O
ships,ship.n.01
brother,brother.n.01
is,O
now,O
in,O
airship,airship.n.01
is,O
lighter,lighter.n.02
than,O
air,air.n.01
ready,ready.a.01
Nobody,person.n.01
wants,want.v.01
feared,fear.v.01
black,black.a.01
cats,cat.n.01
unbuttoned,unbutton.v.01
shirt,shirt.n.01
Polish,polish.n.04
nails,nail.n.01
are,O
more,O
expensive,expensive.a.01
than,O
Chinese,country.n.02
ones,ring.n.08
won,win.v.01
silver~medal,silver_medal.n.01
stomach,stomach.n.01
is,O
grumbling,grumble.v.02
fields,fields.n.01
abound,abound.v.01
in,O
wild~flowers,O
and,O
still,O
love,love.v.01
each~other,O
live,live.v.01
in,O
am,O
from,O
respects,respect.v.01
religions,religion.n.01
runner,runner.n.02
stole,steal.v.01
third~base,O
planted,plant.v.01
roses,rose.n.01
in,O
garden,garden.n.01
man,man.n.01
dancing,dance.v.02
on,O
stage,stage.n.03
is,O
uncle,uncle.n.01
am,O
not,O
ashamed,ashamed.a.01
to,O
be,O
seen,see.v.01
with,O
's,O
cooking,cook.v.01
teacher,teacher.n.01
accused,accuse.v.01
of,O
cheating,cheat.v.03
denied,deny.v.01
accusation,accusation.n.01
'm,O
convinced,convinced.a.01
job,job.n.01
is,O
perfect,perfect.a.01
for,O
hate,hate.v.01
color,color.n.01
've,O
ordered,order.v.02
book,book.n.02
from,O
is,O
parking,park.v.01
car,car.n.01
There,O
's,O
volcano,volcano.n.01
emitting,emit.v.01
masses,multitude.n.03
of,O
smoke,smoke.v.01
in,O
trip,trip.n.01
will,O
take,take_place.v.01
approximately,O
five,O
hours,hour.n.01
jotted,jot.v.01
down,O
something,entity.n.01
in,O
notebook,notebook.n.02
was,O
eating,eat.v.01
sandwich,sandwich.n.01
Shag~rugs,O
were,O
popular,popular.a.01
in,O
is,O
out,O
now,O
anal,anal.a.01
fissures,crevice.n.01
curable,curable.a.01
is,O
going,go.v.01
to,O
concert,concert.n.01
'd,O
like,like.v.02
two,O
kilos,kilo.n.01
of,O
apples,apple.n.01
All~at~once,O
ship,ship.n.01
left,leave.v.01
pier,pier.n.01
book,book.n.02
about,O
dancing,dance.v.02
is,O
lying,lie.v.05
on,O
desk,desk.n.01
apologized,apologize.v.01
to,O
employee,employee.n.01
name,name.n.01
is,O
very,very.r.01
rare,rare.a.01
in,O
country,country.n.02
stepped,step.v.01
into,O
lion,lion.n.01
's,O
den,den.n.04
should,O
drink,drink.v.01
ounces,ounce.n.01
of,O
fluids,fluid.n.01
day,day.n.01
cleaned,clean.v.01
out,O
bank~accounts,O
and,O
disappeared,disappear.v.01
has,O
brought,bring.v.01
up,O
five,O
children,child.n.02
gave,give.v.03
in,O
brown,brown.a.01
paper~bag,O
am,O
dyeing,dye.v.01
hair,hair.n.01
brown,brown.a.01
How,O
's,O
tries,try.v.01
called,call.v.01
has,O
son,son.n.01
adores,adore.v.01
cats,cat.n.01
begged,beg.v.01
to,O
stay,stay.v.01
makes,make.v.24
kind~of,kind_of.r.01
happy,happy.a.01
learn,learn.v.01
used,O
to,O
be,O
cop,bull.n.05
respects,respect.v.01
opinion,opinion.n.01
was,O
born,bear.v.02
in,O
crowd,crowd.n.01
rushed,rush.v.01
to,O
exit,exit.n.01
octopus,octopus.n.01
is,O
in,O
sea,sea.n.01
train,train.n.01
is,O
going,go.v.01
to,O
government,government.n.01
appointed,appoint.v.02
ambassador,ambassador.n.01
to,O
man,man.n.01
is,O
resting,rest.v.01
on,O
chair,chair.n.01
and,O
rubbing,rub.v.01
eyes,eye.n.01
Someone,person.n.01
is,O
writing,write.v.01
Two,O
groups,group.n.01
of,O
people,person.n.01
are,O
playing,play.v.01
football,football.n.01
ring,ring.n.08
is,O
does,O
not,O
want,want.v.01
kind,entity.n.01
of,O
flowers,flower.n.01
is,O
kind~of,kind_of.r.01
interesting,interesting.a.01
is,O
smoother,smooth.a.01
than,O
billiard~ball,O
's,O
government,government.n.01
and,O
non-profit,O
are,O
launching,establish.v.01
new,new.a.01
appeal,entreaty.n.01
to,O
save,salvage.v.01
critically,critically.r.01
endangered,endanger.v.01
one-horned~rhino,O
reports,report.v.01
two,O
portraits,portrayal.n.01
and,O
lithography,lithography.n.01
by,O
were,O
recovered,recover.v.01
using,use.v.01
database,database.n.01
summit,acme.n.01
of,O
mountain,mountain.n.01
is,O
covered,cover.v.02
with,O
snow,snow.n.02
book,book.n.02
is,O
written,write.v.01
in,O
of,O
talk,talk.v.01
in,O
read,read.v.01
comic~books,comic_book.n.01
ran,run_away.v.01
out,O
of,O
food,food.n.02
lights,light_up.v.04
went,go.v.01
out,O
hesitated,hesitate.v.01
for,O
moment,O
was,O
feeling,feel.v.03
kind~of,kind_of.r.01
tired,tired.a.01
is,O
good,good.a.01
boy,boy.n.01
and,O
very,very.r.01
strong,strong.a.01
There,O
was,O
abandoned,abandon.v.05
car,car.n.01
by,O
river,river.n.01
Where,location.n.01
does,O
live,live.v.01
name,name.n.01
's,O
not,O
girl,girl.n.01
'm,O
professional,professional.a.01
photographer,photographer.n.01
's,O
confusing,confuse.v.01
's,O
under,O
table,table.n.02
never,O
touched,touch.v.01
have,O
never,O
translated,translate.v.01
book,book.n.02
're,O
afraid,afraid.a.01
of,O
is,O
's,O
ex,O
boyfriend,boyfriend.n.01
man,man.n.01
is,O
jewels,jewel.n.01
are,O
's,O
took,take.v.02
off,O
old,old.a.01
shoes,shoe.n.01
and,O
put,put.v.01
on,O
new,new.a.01
ones,ring.n.08
There,O
are,O
almost,O
seven~billion,O
people,person.n.01
in,O
world,world.n.04
debts,debt.n.01
amounted,amount.v.02
to,O
thousand,O
dollars,dollar.n.01
took,take.v.02
off,O
bullet-proof,O
vest,vest.n.01
has,O
started,start.v.02
to,O
learn,learn.v.01
If,O
is,O
proficient,proficient.a.01
in,O
'll,O
employ,use.v.01
How,O
many,O
chromosomes,chromosome.n.01
does,O
human~being,O
have,O
eyes,eye.n.01
are,O
like,like.v.02
of,O
leopard,leopard.n.01
paid,pay.v.01
by,O
credit~card,credit_card.n.01
school,school.n.02
looks,look_like.v.01
like,like.v.02
prison,prison.n.01
There,O
are,O
students,student.n.01
in,O
schoolyard,schoolyard.n.01
actress,actress.n.01
fainted,faint.v.01
right,O
in,O
middle,middle.n.01
of,O
play,play.v.01
asked,ask.v.01
for,O
money,money.n.01
and,O
walked,walk.v.01
down,O
busy,busy.a.01
sidewalk,sidewalk.n.01
cut,cut.v.01
looks,look_like.v.01
infected,infect.v.04
boy,boy.n.01
is,O
playing,play.v.01
with,O
toy,toy.n.01
soldiers,soldier.n.01
has,O
been,O
snowing,snow.v.01
for,O
two,O
days,day.n.01
box,box.n.01
is,O
heavy,heavy.a.01
was,O
like,like.v.02
father,father.n.01
to,O
am,O
scaring,scare.v.01
sparrows,sparrow.n.01
away,O
was,O
three,O
in,O
morning,morning.n.01
is,O
bit,O
crazy,crazy.a.05
note,note.n.01
is,O
jotted,jot.v.01
directly,directly.r.01
on,O
envelope,envelope.n.01
swam,swim.v.01
quit,quit.v.01
smoking,smoke.v.01
two,O
years,year.n.01
ago,O
despises,despise.v.01
lies,lie.v.01
Something,entity.n.01
strange,strange.a.01
is,O
happening,happen.v.01
is,O
shy,shy.a.01
of,O
strangers,stranger.n.01
whispered,whisper.v.01
something,entity.n.01
in,O
's,O
ear,ear.n.01
directed,direct.v.03
to,O
theater,theater.n.01
arrived,arrive.v.01
at,O
work,work.v.02
tourists,tourist.n.01
were,O
ripped,rip_up.v.01
off,O
at,O
nightclub,cabaret.n.01
tsunami,tsunami.n.01
alert,alert.a.01
was,O
cancelled,cancel.v.01
was,O
turned,turn.v.03
down,O
's,O
graphic~designer,O
bought,buy.v.01
at,O
butcher,butcher.n.01
's,O
helps,help.v.01
was,O
sick,sick.a.01
of,O
noise,noise.n.01
guards,guard.n.01
found,find.v.01
hacksaw,hacksaw.n.01
blade,blade.n.01
in,O
prisoner,prisoner.n.01
's,O
pocket,pocket.n.01
policeman,policeman.n.01
is,O
on,O
duty,duty.n.02
left,leave.v.01
son,son.n.01
lot,O
of,O
money,money.n.01
's,O
much,O
bigger,big.a.01
than,O
'm,O
frantic,frantic.s.01
heard,hear.v.01
phone,phone.n.01
answered,answer.v.02
may,O
be,O
jogging,jog.v.03
around,O
park,park.n.02
was,O
born,bear.v.02
in,O
eighties,O
pretty,pretty.a.01
flower,flower.n.01
forgot,forget.v.04
mobile~phone,mobile_phone.n.01
Now,O
're,O
flying,fly.v.01
over,O
is,O
bad,bad.a.07
at,O
sports,sport.n.01
is,O
knitting,knitting.n.02
scarf,scarf.n.01
has,O
daughter,daughter.n.01
will,O
be,O
arriving,arrive.v.01
by,O
train,train.n.01
at,O
eleven,O
beautiful,beautiful.a.01
sunset,sunset.n.01
'm,O
always,O
thirsty,thirsty.a.02
stopped,stop.v.02
studying,study.v.05
left,leave.v.01
university,university.n.02
without,O
degree,degree.n.01
said,say.v.01
name,name.n.01
was,O
did,O
n't,O
baby,baby.n.01
is,O
weeks,week.n.01
old,old.a.01
mother,mother.n.01
began,begin.v.01
to,O
sing,sing.v.01
married,marry.v.01
daughter,daughter.n.01
to,O
lawyer,lawyer.n.01
lent,lend.v.02
book,book.n.02
about,O
rain,rain.n.01
lasted,last.v.01
three,O
days,day.n.01
'm,O
busy,busy.a.01
right,O
now,O
Despite,O
riches,wealth.n.03
's,O
not,O
contented,content.v.01
How,O
many,O
subscribers,subscriber.n.01
does,O
magazine,magazine.n.02
have,O
peeled,skin.v.04
apple,apple.n.01
fool,fool.n.01
've,O
been,O
happy,happy.a.01
surprise,surprise.v.01
hugged,hug.v.01
Is,O
apple,apple.n.01
red,red.a.01
uncle,uncle.n.01
is,O
rich,rich.a.01
took,take.v.02
couple,couple.n.01
of,O
hours,hour.n.01
to,O
solve,solve.v.01
problem,problem.n.02
think,think.v.01
're,O
jealous,jealous.a.01
old,old.a.01
cat,cat.n.01
is,O
still,O
alive,alive.a.01
'm,O
convinced,convinced.a.01
is,O
lying,lie.v.05
seeds,seed.n.01
have,O
germinated,shoot.v.19
watched,watch.v.03
Swedish,country.n.02
movie,movie.n.01
dish,dish.n.01
is,O
more,O
delicious,delicious.a.02
than,O
one,person.n.01
must,O
destroy,destroy.v.01
evidence,evidence.n.03
'd,O
like,like.v.02
piña~colada,O
wanted,want.v.01
to,O
go,go.v.01
was,O
young,young.a.01
and,O
innocent,innocent.a.01
owns,own.v.01
car,car.n.01
dealership,franchise.n.02
lives,live.v.01
in,O
Is,O
there,O
washing~machine,washing_machine.n.01
in,O
house,house.n.01
ordered,order.v.02
steaks,steak.n.01
Where,location.n.01
did,O
take,take_place.v.01
earrings,earring.n.01
off,O
is,O
having,have.v.06
heart~attack,heart_attack.n.01
pointed,point.v.01
gun,gun.n.01
at,O
is,O
kind,entity.n.01
to,O
died,die.v.01
from,O
turbeculosis,O
was,O
too,O
tired,tired.a.01
to,O
speak,speak.v.03
have,O
to,O
print,print.v.01
pages,page.n.01
have,O
plenty,O
of,O
time,time.n.02
hair,hair.n.01
is,O
out~of~fashion,unfashionable.a.01
now,O
passport,passport.n.02
was,O
stolen,steal.v.01
fastened,fasten.v.01
seat~belt,seat_belt.n.01
peasants,peasant.n.01
were,O
planting,plant.v.01
rice,rice.n.01
'm,O
going,go.v.01
to,O
kill,kill.v.01
has,O
three,O
sons,son.n.01
see,see.v.01
from~time~to~time,from_time_to_time.r.01
boy,boy.n.01
knocked,knock.v.02
glass,glass.n.02
over,O
nodded,nod.v.02
hesitantly,hesitantly.r.01
also,O
lost,lose.v.02
cell~phone,cellphone.n.01
's,O
going,go.v.01
to,O
Can,O
use,use.v.01
dictionary,dictionary.n.01
had,O
hat,hat.n.01
on,O
are,O
certainly,surely.r.01
homesick,homesick.a.01
bought,buy.v.01
newspaper,newspaper.n.03
's,O
not,O
very,very.r.01
handsome,handsome.a.01
have,O
plastic,plastic.n.01
tumbler,tumbler.n.01
dropped,drop.v.01
off,O
at,O
wonderful,wonderful.a.01
sight,sight.n.01
'm,O
alone,entirely.r.02
is,O
very,very.r.01
good,good.a.01
at,O
playing,play.v.01
violin,violin.n.01
is,O
aged,aged.a.03
seventeen,O
has,O
insomnia,insomnia.n.01
was,O
never,O
happy,happy.a.01
one,person.n.01
did,O
was,O
was,O
belligerent,combatant.n.01
There,O
was,O
black,black.a.01
jacket,jacket.n.01
on,O
book,book.n.02
classroom,classroom.n.01
can,O
accommodate,accommodate.v.04
only,O
thirty,O
students,student.n.01
're,O
beautiful,beautiful.a.01
Everybody,person.n.01
makes,make.v.24
mistakes,mistake.n.01
sheets,sheet.n.01
piled,pile_up.v.01
up,O
on,O
desk,desk.n.01
dad,dad.n.01
drops,drop.n.01
in,O
on,O
from~time~to~time,from_time_to_time.r.01
billion,billion.n.01
adults,adult.n.01
are,O
illiterate,illiterate.a.01
woman,woman.n.01
is,O
slicing,slice.v.03
eggplant,eggplant.n.01
General~elections,O
were,O
held,hold.v.03
in,O
on,O
of,O
was,O
elected,elect.v.01
president,president.n.01
whilst,O
and,O
emerged,emerge.v.01
as,O
largest,large.a.01
parties,party.n.04
apples,apple.n.01
are,O
n't,O
as,O
good,good.a.01
was,O
killed,kill.v.01
in,O
has,O
violated,violate.v.01
state,state.n.01
regulations,regulation.n.01
died,die.v.01
in,O
Several,O
new,new.a.01
political~parties,O
emerged,emerge.v.01
landings,landing.n.04
took,take.v.02
place,O
in,O
is,O
Norwegian,country.n.02
newspaper,newspaper.n.03
dreamt,dream.v.02
about,O
'm,O
broke,break_out.v.01
is,O
beautiful,beautiful.a.01
country,country.n.02
was,O
not,O
always,O
interested,interested.a.01
in,O
Japanese,country.n.02
festivals,festival.n.01
'm,O
afraid,afraid.a.01
line,line.n.09
is,O
busy,busy.a.01
was,O
born,bear.v.02
in,O
do,O
n't,O
remember,remember.v.01
name,name.n.01
clock,clock.n.01
right,O
's,O
ten,O
minutes,minute.n.01
fast,fast.a.02
judge,judge.n.01
's,O
decision,decision.n.02
is,O
final,final.a.01
am,O
eighteen,O
years,year.n.01
old,old.a.01
's,O
much,O
taller,tall.a.01
than,O
can,O
not,O
swim,swim.v.01
won,win.v.01
lottery,lottery.n.01
pulse,pulsation.n.01
is,O
slow,slow.a.04
is,O
great,great.a.04
scientist,scientist.n.01
is,O
not,O
younger,young.a.01
than,O
doctor,doctor.n.01
took,take.v.02
pulse,pulsation.n.01
am,O
first,O
airplane,airplane.n.01
flew,fly.v.01
in,O
for,O
twelve,O
seconds,second.n.01
bought,buy.v.01
thimble,O
'm,O
sick,sick.a.01
trees,tree.n.01
are,O
green,green.a.01
Extremely,highly.r.01
loud,loud.a.01
music,music.n.01
interrupted,interrupt.v.01
conversation,conversation.n.01
There,O
are,O
errors,error.n.01
in,O
phone~bill,O
beautiful,beautiful.a.01
city,city.n.01
song,song.n.01
is,O
called,call.v.01
must,O
promise,promise.v.01
something,entity.n.01
's,O
cliche,platitude.n.01
but,O
true,true.a.01
emit,O
heat,heat.n.02
According,according.a.02
to,O
newspaper,newspaper.n.03
there,O
was,O
earthquake,earthquake.n.01
in,O
focal~point,O
is,O
avoidance,avoidance.n.01
of,O
industrial,industrial.a.01
accidents,accident.n.01
is,O
's,O
last~name,last_name.n.01
is,O
exchange~rate,exchange_rate.n.01
of,O
yuan,yuan.n.01
to,O
dollar,dollar.n.01
is,O
king,king.n.01
ruled,govern.v.03
over,O
island,island.n.01
fire,fire.n.01
have,O
tennis~elbow,O
slapped,slap.v.01
To,O
does,O
umbrella,umbrella.n.01
belong,belong.v.05
've,O
married,marry.v.01
wrong,wrong.a.01
person,person.n.01
'll,O
find,find.v.03
cheered,cheer.v.01
did,O
dishes,dish.n.01
for,O
Do,O
n't,O
blow,blow.n.01
in,O
beehive,beehive.n.01
am,O
eating,eat.v.01
cucumber,cucumber.n.02
is,O
deeply,deeply.r.01
attached,attach.v.01
to,O
parents,parent.n.01
squirrel,squirrel.n.01
is,O
allergic,allergic.a.02
to,O
nuts,nuts.a.01
is,O
taking,take.v.18
care,care.n.01
of,O
girl,girl.n.01
is,O
buying,buy.v.01
milk,milk.n.01
at,O
supermarket,supermarket.n.01
Where,location.n.01
on,O
earth,earth.n.01
were,O
By,O
was,O
poem,poem.n.01
written,write.v.01
left,leave.v.01
for,O
must,O
be,O
fined,fine.v.01
if,O
breaks,break_down.v.04
law,law.n.01
country,country.n.02
broke,break_out.v.01
off,O
diplomatic,diplomatic.a.01
relations,relations.n.01
with,O
United~States,country.n.02
drew,draw.v.06
shortest,short.a.02
straw,straw.n.04
am,O
from,O
spoke,speak.v.02
gave,give.v.03
compact~disc,O
accompanied,accompany.v.03
on,O
piano,piano.n.01
like,like.v.02
dragon~fruit,O
booked,book.v.01
seat,seat.n.01
flew,fly.v.01
to,O
am,O
Bulgarian,bulgarian.a.01
Approximately,O
seven~billion,O
people,person.n.01
inhabit,populate.v.01
planet,planet.n.03
book,book.n.02
costs,cost.v.01
five,O
dollars,dollar.n.01
nice,nice.a.01
idea,idea.n.01
cheeks,cheek.n.01
began,begin.v.01
to,O
glow,glow.v.01
with,O
shame,shame.n.01
wrote,write.v.01
four,O
letters,letter.n.01
poor,poor.a.04
old,old.a.01
woman,woman.n.01
was,O
robbed,rob.v.01
of,O
money,money.n.01
swans,swan.n.01
are,O
white,white.a.01
novel,novel.n.01
is,O
n't,O
as,O
good,good.a.01
last,last.a.02
one,person.n.01
's,O
strange,strange.a.01
did,O
n't,O
mention,mention.n.01
went,go.v.01
instead,O
of,O
dad,dad.n.01
've,O
always,O
been,O
afraid,afraid.a.01
of,O
doctors,doctor.n.01
whispered,whisper.v.01
something,entity.n.01
into,O
ear,ear.n.01
is,O
good,good.a.01
tennis~player,tennis_player.n.01
looks,look_like.v.01
very,very.r.01
sick,sick.a.01
want,want.v.01
to,O
complain,complain.v.01
about,O
service,service.n.01
ran,run_away.v.01
away,O
from,O
home,home.n.01
when,O
was,O
thirteen,O
's,O
something,entity.n.01
special,particular.s.01
've,O
told,tell.v.02
hundred,O
times,time.n.01
was,O
breathing,breathe.v.01
does,O
n't,O
like,like.v.02
speaking,speak.v.02
in~public,in_public.r.01
listened,listen.v.01
to,O
music,music.n.01
have,O
three,O
daughters,daughter.n.01
ca,O
n't,O
run,run_over.v.01
away,O
bought,buy.v.01
fake,fake.a.02
handbag,handbag.n.01
train,train.n.01
is,O
minutes,minute.n.01
overdue,overdue.a.01
put,put.v.01
bandage,bandage.n.01
on,O
's,O
cut,cut.v.01
street,street.n.01
was,O
bustling,bustle.v.01
with,O
shoppers,shopper.n.01
plans,plan.n.01
seem,look.v.02
much,O
alike,alike.a.01
to,O
bought,buy.v.01
lot,O
of,O
things,things.n.01
at,O
flea~market,flea_market.n.01
train,train.n.01
departs,depart.v.01
at,O
little,little.a.03
girl,girl.n.01
deeply,deeply.r.01
moved,move.v.02
by,O
old,old.a.01
man,man.n.01
's,O
pitiful,pathetic.s.02
story,story.n.01
burst,burst.v.01
into,O
tears,tear.n.01
am,O
from,O
's,O
hooked,hook.v.09
on,O
Where,location.n.01
in,O
world,world.n.04
have,O
been,O
Urdu,urdu.n.01
is,O
mother~tongue,mother_tongue.n.01
There,O
are,O
forty~thousand,O
cameras,camera.n.01
in,O
's,O
pen,pen.n.01
is,O
black,black.a.01
keeps,keep.v.08
black,black.a.01
cat,cat.n.01
was,O
born,bear.v.02
at,O
six~a.m,O
on,O
Prices,monetary_value.n.01
have,O
jumped,jump.v.01
bought,buy.v.01
hot~dog,hot_dog.n.02
brother,brother.n.01
lives,live.v.01
in,O
small,small.a.01
village,village.n.02
have,O
to,O
tighten,tighten.v.01
bolts,thunderbolt.n.01
lived,live.v.01
from,O
to,O
's,O
hooked,hook.v.09
on,O
cigarettes,cigarette.n.01
does,O
n't,O
drink,drink.v.01
alcoholic~drinks,alcoholic_drink.n.01
desk,desk.n.01
is,O
made,make.v.06
of,O
wood,wood.n.01
pouted,sulk.v.01
when,O
was,O
told,tell.v.02
to,O
wash,wash.v.03
dishes,dish.n.01
old,old.a.01
lady,lady.n.01
is,O
still,O
counting,count.v.01
change,change.v.02
can,O
not,O
wipe,wipe.v.01
table,table.n.02
do,O
n't,O
have,O
cloth,cloth.n.01
grandfather,grandfather.n.01
suffers,suffer.v.02
from,O
hypertension,high_blood_pressure.n.01
driver,driver.n.01
overtook,overtake.v.01
car,car.n.01
started,start.v.02
shooting,shoot.v.01
look,look_for.v.01
down,O
on,O
liars,liar.n.01
and,O
cheats,darnel.n.01
offered,offer.v.02
beer,beer.n.01
said,say.v.01
grew,grow_up.v.01
up,O
in,O
went,go.v.01
to,O
park,park.n.02
yesterday,O
is,O
n't,O
as,O
tall,tall.a.01
got,O
wrist~watch,O
king,king.n.01
's,O
son,son.n.01
was,O
kidnapped,kidnap.v.01
hotel,hotel.n.01
can,O
accommodate,accommodate.v.04
over,O
guests,guest.n.01
and,O
chatted,chat.v.01
about,O
weather,weather.n.01
Today,O
have,O
pain,pain.n.01
's,O
close,close.v.03
friend,friend.n.01
of,O
mine,O
mother,mother.n.01
sews,O
Something,entity.n.01
had,O
n't,O
anticipated,expect.v.01
happened,happen.v.01
is,O
not,O
happy,happy.a.01
wiggled,wiggle.v.01
toes,toe.n.01
'm,O
very,very.r.01
reserved,reserve.v.03
bag,bag.n.01
is,O
made,make.v.06
of,O
leather,leather.n.01
's,O
weird,weird.a.01
flying~saucer,O
came,come.v.02
and,O
took,take.v.02
cows,cow.n.01
away,O
There,O
's,O
secret,secret.a.06
drawer,drawer.n.01
in,O
desk,desk.n.01
aim,aim.v.01
at,O
ducks,duck.n.01
but,O
do,O
n't,O
shoot,shoot.v.01
check,check.n.01
was,O
not,O
honored,honor.v.01
room,room.n.01
is,O
quite,quite.r.01
small,small.a.01
was,O
wearing,wear.v.01
orange,orange.n.01
prison,prison.n.01
jumpsuit,jump_suit.n.01
cat,cat.n.01
is,O
playing,play.v.01
with,O
ball,ball.n.01
rubbed,rub.v.01
sore,sore.n.01
feet,foot.n.02
bird,bird.n.01
is,O
wagtail,wagtail.n.01
little,little.a.03
boy,boy.n.01
is,O
at,O
zoo,zoo.n.01
