brown,brown.a.01
dog,dog.n.01
and,O
grey,grey.n.05
are,O
fighting,contend.v.06
in,O
snow,snow.n.02
woman,woman.n.01
in,O
white,white.a.01
dress,dress.n.01
and,O
blue,blue.a.01
are,O
standing,stand.v.01
on,O
stage,stage.n.03
There,O
is,O
man,man.n.01
playing,play.v.01
two,O
keyboards,keyboard.n.01
There,O
is,O
person,person.n.01
cutting,cut.v.01
ginger,ginger.n.01
are,O
screwed,screw.v.04
is,O
man-made,man-made.s.01
language,language.n.01
which,entity.n.01
singer,singer.n.01
do,O
like,like.v.02
sold,sell.v.01
was,O
murdered,murder.v.01
is,O
inventor,inventor.n.01
of,O
dynamite,dynamite.n.01
yakuza,yakuza.n.01
are,O
Japanese,country.n.02
mafia,mafia.n.01
fears,fear.v.01
system,system.n.01
reached,reach.v.01
on,O
lives,live.v.01
near,O
Yunus,O
founded,found.v.01
years,year.n.01
ago,O
has,O
long,long.a.02
hair,hair.n.01
How,O
slow,slow.a.04
are,O
astronauts,astronaut.n.01
went,go.v.01
up,O
to,O
moon,moon.n.01
in,O
rocket,rocket.n.01
stood,stand_up.v.01
at,O
door,door.n.01
and,O
waited,wait.v.01
is,O
popular,popular.a.01
at,O
school,school.n.02
was,O
killed,kill.v.01
by,O
intruder,intruder.n.01
took,take.v.02
two,O
hours,hour.n.01
to,O
memorize,memorize.v.01
sentence,sentence.n.01
is,O
camera,camera.n.01
'm,O
calling,call.v.03
because,O
've,O
lost,lose.v.02
credit~card,credit_card.n.01
Let,O
's,O
have,O
sushi,sushi.n.01
dog,dog.n.01
attacked,attack.v.04
little,little.a.03
boy,boy.n.01
Think,think.v.01
about,O
like,like.v.02
actor,actor.n.01
gave,give.v.03
to,O
mommy,ma.n.01
bought,buy.v.01
few,O
eggs,egg.n.02
and,O
little,little.a.03
milk,milk.n.01
uncle,uncle.n.01
bought,buy.v.01
book,book.n.02
'll,O
buy,buy.v.01
new,new.a.01
one,person.n.01
's,O
nice,nice.a.01
brother,brother.n.01
was,O
nasty,nasty.a.01
to,O
's,O
not,O
like,like.v.02
's,O
much,O
younger,young.a.01
than,O
can,O
swim,swim.v.01
is,O
head,head.n.01
taller,tall.a.01
than,O
waved,wave.v.01
good-bye,adieu.n.01
to,O
used,O
to,O
play,play.v.01
tennis,tennis.n.01
Oil,oil.n.01
has,O
been,O
discovered,discover.v.01
under,O
is,O
do,O
n't,O
remember,remember.v.01
name,name.n.01
threw,throw.v.01
up,O
want,want.v.01
to,O
pay,pay.v.01
with,O
check,check.n.01
has,O
three,O
brothers,brother.n.01
customer,customer.n.01
is,O
always,O
right,O
One,O
plus,plus.n.02
two,O
is,O
equal,equal.a.01
to,O
three,O
suit,suit.n.01
book,book.n.02
is,O
big,big.a.01
have,O
to,O
hurry,hurry.v.01
is,O
woman,woman.n.01
cars,car.n.01
were,O
stolen,steal.v.01
Where,location.n.01
are,O
parking~metres,O
is,O
opening,open.v.01
window,window.n.01
parents,parent.n.01
come,come.v.02
from,O
won,win.v.01
gold~medal,gold_medal.n.01
beautiful,beautiful.a.01
rainbow,rainbow.n.01
garden,garden.n.01
was,O
full,full.a.01
of,O
beautiful,beautiful.a.01
yellow,yellow.a.01
flowers,flower.n.01
is,O
of,O
mother,mother.n.01
told,tell.v.02
to,O
mow,mow.v.01
lawn,lawn.n.01
used,O
toothpick,toothpick.n.01
love,love.v.01
is,O
nonsense,nonsense.n.01
do,O
n't,O
want,want.v.01
pizza,pizza.n.01
'm,O
not,O
hungry,hungry.a.01
seedless,seedless.a.01
watermelons,watermelon.n.01
exist,exist.v.01
lost,lose.v.02
key,key.n.01
If,O
do,O
n't,O
like,like.v.02
then,O
can,O
quit,quit.v.01
guy,guy.n.01
is,O
completely,completely.r.01
nuts,nuts.a.01
'm,O
sleepy,sleepy.a.01
data,data.n.01
network,network.n.01
is,O
now,O
complete,complete.a.01
shooting,shoot.v.01
had,O
ceased,discontinue.v.01
has,O
fled,flee.v.01
boy-scouts,O
jeered,jeer.v.01
and,O
scuttled,scurry.v.01
into,O
building,building.n.01
Five,O
rings,ring.v.01
In,O
site,site.n.01
was,O
acquired,acquire.v.01
by,O
announced,announce.v.03
economy,economy.n.01
measures,measure.v.03
have,O
been,O
arrested,arrest.v.01
already,O
were,O
silent,silent.a.01
is,O
height,height.n.01
of,O
tallest,tall.a.01
redwood,redwood.n.01
directed,direct.v.03
film,film.n.01
roller~coaster,roller_coaster.n.02
is,O
fastest,fast.a.01
in,O
world,world.n.04
How,O
tall,tall.a.01
is,O
How,O
many,O
people,person.n.01
in,O
do,O
not,O
have,O
health~insurance,O
How,O
did,O
die,die.v.01
'm,O
bored,bore.v.01
right,O
now,O
were,O
satisfied,satisfied.a.01
shrugged,shrug.v.01
shoulders,shoulder.n.01
is,O
airline,airline.n.02
based,based.a.02
in,O
is,O
fakir,fakir.n.01
is,O
out,O
now,O
was,O
n't,O
wearing,wear.v.01
thing,entity.n.01
's,O
absent-minded,O
abhors,abhor.v.01
violence,violence.n.01
is,O
not,O
good,good.a.01
sailor,sailor.n.01
Everyone,person.n.01
's,O
eating,eat.v.01
is,O
old,old.a.01
letter,letter.n.01
is,O
rinsing,rinse.v.01
dishes,dish.n.01
Will,O
die,die.v.01
house,house.n.01
has,O
burnt,burn.v.01
down,O
is,O
being,O
silly,silly.a.01
n't,O
smoked,smoke.v.01
cigar,cigar.n.01
is,O
disrespectful,disrespectful.a.01
's,O
brushing,brush.v.03
hair,hair.n.01
loved,love.v.03
have,O
n't,O
been,O
to,O
since,O
college,college.n.02
was,O
founded,found.v.01
by,O
Something,entity.n.01
's,O
burning,burn.v.01
sun,sun.n.01
is,O
rising,rise.v.01
sister,sister.n.01
is,O
n't,O
studying,study.v.05
now,O
Is,O
cat,cat.n.01
all~right,all_right.a.01
does,O
n't,O
know,know.v.01
door,door.n.01
is,O
opening,open.v.01
now,O
There,O
are,O
rats,rat.n.01
in,O
kitchen,kitchen.n.01
is,O
poor,poor.a.04
girl,girl.n.01
was,O
visibly,visibly.r.01
shaken,shake.v.01
after,O
accident,accident.n.01
artist,artist.n.01
is,O
gifted,endow.v.01
was,O
thoughtful,thoughtful.a.01
is,O
paint,paint.n.01
with,O
stick,stick.n.02
Is,O
phone,phone.n.01
ringing,ring.v.01
have,O
big,big.a.01
dog,dog.n.01
're,O
workaholic,workaholic.n.01
Yesterday,O
went,go.v.01
to,O
opera,opera.n.01
is,O
plucky,gutsy.a.01
guy,guy.n.01
How,O
's,O
cold,cold.n.01
deserve,deserve.v.01
explanation,explanation.n.01
just,just.r.03
left,leave.v.01
will,O
not,O
lie,lie.n.01
to,O
needed,need.v.01
money,money.n.01
ate,eat.v.01
dinner,dinner.n.01
game,game.n.01
excited,excited.a.01
lots,O
of,O
people,person.n.01
boy,boy.n.01
fanned,fan.v.01
with,O
hat,hat.n.01
Everyone,person.n.01
wants,want.v.01
Coffee,coffee.n.01
will,O
be,O
served,serve.v.06
after,O
meal,meal.n.01
has,O
two~thousand,O
books,book.n.02
is,O
leaving,leave.v.01
tomorrow,O
body,person.n.01
except,O
went,go.v.01
to,O
party,party.n.04
is,O
spinning,spin.v.06
wool,wool.n.02
'm,O
very,very.r.01
lazy,lazy.a.02
people,person.n.01
might,O
assume,assume.v.01
was,O
like,like.v.02
father,father.n.01
to,O
Packing,pack.v.01
sucks,suck.v.04
How,O
heavy,heavy.a.01
are,O
story,story.n.01
is,O
famous,famous.a.01
one,person.n.01
everyone,person.n.01
knows,know.v.01
works,work.v.02
for,O
oil~company,oil_company.n.01
is,O
studying,study.v.05
agriculture,agribusiness.n.01
carefully,carefully.r.01
wiped,wipe.v.01
fingerprints,fingerprint.n.01
off,O
knife,knife.n.01
jokes,joke.n.01
are,O
n't,O
funny,funny.a.01
kind,entity.n.01
of,O
remark,remark.n.01
does,O
not,O
befit,befit.v.01
'd~better,O
drive,drive.v.01
home,home.n.01
stupidity,stupidity.n.01
is,O
abysmal,abysmal.s.01
did,O
n't,O
find,find.v.03
and,O
detest,O
each~other,O
is,O
less,O
diligent,diligent.a.01
than,O
was,O
hurt,hurt.v.02
took,take.v.02
elevator,elevator.n.01
to,O
third,O
floor,floor.n.01
think,think.v.01
is,O
normal,normal.a.01
brother,brother.n.01
is,O
rich,rich.a.01
drives,drive.v.01
crazy,crazy.a.05
is,O
common,common.a.01
name,name.n.01
plan,plan.n.01
worked,work.v.02
sang,sing.v.02
song,song.n.01
alarm,alarm.n.02
did,O
n't,O
wake,wake_up.v.01
was,O
sweating,sweat.v.01
says,say.v.01
's,O
busy,busy.a.01
have,O
lost,lose.v.02
pencil,pencil.n.01
have,O
got,O
into,O
sister,sister.n.01
is,O
not,O
going,go.v.01
to,O
picked,pick.v.02
up,O
coin,coin.n.01
needed,need.v.01
is,O
creepy,creepy.a.01
phoned,call.v.03
's,O
eating,eat.v.01
skier,skier.n.01
suffered,suffer.v.02
head,head.n.01
trauma,injury.n.01
joined,join.v.01
lot,O
of,O
books,book.n.02
Do,O
belong,belong.v.05
to,O
university,university.n.02
library,library.n.03
supported,support.v.01
'm,O
not,O
creative,creative.a.01
is,O
snoring,snore.v.01
seems,seem.v.01
conceited,conceited.a.01
was,O
very,very.r.01
good,good.a.01
dialled,dial.v.01
number,number.n.04
leaves,leave.v.01
fell,fall.v.03
to,O
earth,earth.n.01
is,O
wet,wet.a.01
played,play.v.01
with,O
dog,dog.n.01
needs,need.v.01
assistants,assistant.n.01
lied,lie.v.05
to,O
does,O
n't,O
regard,see.v.05
's,O
clean,clean.v.01
Ten,O
prisoners,prisoner.n.01
broke,break_out.v.01
out,O
of,O
jail,jail.n.01
watch,watch.n.01
may,O
be,O
one,person.n.01
or,O
two,O
minutes,minute.n.01
fast,fast.a.02
cube~root,O
of,O
twenty-seven,O
is,O
three,O
is,O
extremely,extremely.r.02
gullible,fleeceable.s.01
know,know.v.01
is,O
honest,honest.a.01
won,win.v.01
has,O
never,O
been,O
skiing,ski.v.01
try,try.v.01
is,O
grinning,grin.v.01
All,O
passengers,passenger.n.01
died,die.v.01
but,O
survived,survive.v.01
method,method.n.01
was,O
too,O
expensive,expensive.a.01
to,O
be,O
practical,practical.a.01
've,O
never,O
been,O
to,O
was,O
n't,O
running,run.v.01
ate,eat.v.01
girls,girl.n.01
reveled,delight.v.02
in,O
dancing,dance.v.02
graduated,graduate.v.01
from,O
laid,lay.v.01
racket,racket.n.04
on,O
ground,ground.n.01
ca,O
n't,O
open,open.a.01
bottle,bottle.n.01
have,O
very,very.r.01
good,good.a.01
voice,voice.n.02
is,O
rich,rich.a.01
but,O
unkind,unkind.a.01
misled,mislead.v.02
hope,hope.n.01
agrees,agree.v.01
use,use.v.01
really,really.r.04
state-of-the-art,state-of-the-art.s.01
equipment,equipment.n.01
With,O
are,O
eating,eat.v.01
dinner,dinner.n.01
storm,storm.n.01
abated,slake.v.02
's,O
watching,watch.v.03
watch,watch.n.01
says,say.v.01
Everybody,person.n.01
hates,hate.v.01
'm,O
genius,genius.n.01
lives,live.v.01
in,O
city,city.n.01
storm,storm.n.01
let,let_up.v.01
up,O
buds,bud.n.01
began,begin.v.01
to,O
open,open.a.01
There,O
are,O
many,O
islands,island.n.01
in,O
blast,blast.n.01
destroyed,destroy.v.01
everything,entity.n.01
was,O
n't,O
prepared,prepare.v.01
is,O
not,O
dead,dead.a.01
doll,doll.n.01
lay,lie.v.02
on,O
floor,floor.n.01
do,O
not,O
like,like.v.02
science,science.n.01
's,O
Argentinian,country.n.02
How,O
's,O
dog,dog.n.01
left,leave.v.01
at,O
midnight,O
am,O
in,O
was,O
having,have.v.06
dinner,dinner.n.01
with,O
Fish,fish.n.01
surface,surface.n.01
for,O
air,air.n.01
saw,see.v.01
mouse,mouse.n.04
like,like.v.02
teachers,teacher.n.01
laughs,laugh.v.01
a~lot,O
apple,apple.n.01
is,O
not,O
green,green.a.01
volunteered,volunteer.v.01
drives,drive.v.01
truck,truck.n.01
and,O
wife,wife.n.01
station~wagon,O
's,O
obvious,obvious.a.01
are,O
perfect,perfect.a.01
lied,lie.v.05
to,O
did,O
n't,O
jungle,jungle.n.03
gave,give.v.03
in,O
is,O
born,bear.v.02
in,O
Austrian,country.n.02
visited,visit.v.02
yesterday,O
took,take.v.02
part,part.n.07
in,O
race,race.n.02
'm,O
drunk,drunk.a.01
dreamed,dream.v.01
of,O
often,frequently.r.01
has,O
kept,keep.v.08
diary,diary.n.01
for,O
years,year.n.01
needed,need.v.01
money,money.n.01
need,need.v.02
is,O
manipulative,manipulative.s.01
Everything,entity.n.01
is,O
new,new.a.01
did,O
n't,O
answer,answer.n.01
all,O
questions,question.n.01
is,O
eavesdropping,eavesdrop.v.01
lucky,lucky.a.02
live,live.v.01
is,O
drowning,submerge.v.02
friend,friend.n.01
invited,invite.v.02
to,O
dinner,dinner.n.01
at,O
restaurant,restaurant.n.01
hope,hope.n.01
's,O
all~right,all_right.a.01
caused,cause.v.01
broke,break_out.v.01
up,O
with,O
Why,reason.n.01
are,O
shouting,shout.v.01
is,O
gay,gay.a.06
found,find.v.01
draws,pull.v.01
well,well.a.01
did,O
not,O
read,read.v.01
book,book.n.02
and,O
stopped,stop.v.02
hugging,embrace.v.02
dog,dog.n.01
ran,run_away.v.01
in,O
yard,yard.n.02
went,go.v.01
fishing,fish.v.02
Do,O
prefer,prefer.v.01
Belgian,belgian.a.01
or,O
German,country.n.02
beer,beer.n.01
is,O
ready,ready.a.01
drives,drive.v.01
slowly,slowly.r.01
How,O
much,O
did,O
glasses,glasses.n.01
cost,cost.v.01
grandmother,grandmother.n.01
passed,pass_away.v.01
away,O
Eight,O
plus,plus.n.02
two,O
is,O
ten,O
was,O
excited,excited.a.01
Somebody,person.n.01
's,O
at,O
front~door,front_door.n.01
's,O
house,house.n.01
is,O
easy,easy.a.01
to,O
find,find.v.03
spent,spend.v.01
several,O
hours,hour.n.01
in,O
library,library.n.03
has,O
bought,buy.v.01
house,house.n.01
which,entity.n.01
six,O
rooms,room.n.01
am,O
spreading,spread.v.01
mustard,mustard.n.01
on,O
slice,slice.n.02
of,O
bread,bread.n.01
cups,cup.n.02
are,O
broken,broken.a.01
'm,O
too,O
crawled,crawl.v.01
out~of,O
bed,bed.n.01
benefited,profit.v.01
greatly,greatly.r.01
from,O
's,O
generous,generous.a.01
support,support.v.02
is,O
courteous,courteous.s.01
is,O
writing,write.v.01
letter,letter.n.01
eat,eat.v.01
banana,banana.n.02
is,O
taller,tall.a.01
than,O
Is,O
popular,popular.a.01
in,O
as~well,O
Alas,ala.n.01
is,O
as,O
tall,tall.a.01
father,father.n.01
oversimplifies,O
everything,entity.n.01
ca,O
n't,O
talk,talk.v.01
now,O
has,O
Swiss,country.n.02
bank~account,bank_account.n.01
story,story.n.01
does,O
n't,O
have,O
happy,happy.a.01
ending,end.v.01
is,O
impossible,O
's,O
paralyzed,O
've,O
been,O
stung,sting.v.02
by,O
hornet,hornet.n.01
failed,fail.v.01
because,O
did,O
n't,O
study,study.v.05
got,O
sick,sick.a.01
's,O
favorite,favorite.a.02
commercial,commercial.a.01
lowered,lower.v.03
bucket,bucket.n.01
into,O
well,well.a.01
's,O
oldest,old.a.02
son,son.n.01
'm,O
nervous,nervous.a.02
now,O
reached,reach.v.01
for,O
pistol,pistol.n.01
Sally,O
is,O
two,O
years,year.n.01
older,old.a.01
than,O
But,O
nobody,person.n.01
believed,believe.v.01
love,love.v.01
Italian,country.n.02
food,food.n.02
is,O
still,O
uncertain,uncertain.a.01
family,family.n.04
is,O
very,very.r.01
proud,proud.a.01
of,O
is,O
as,O
fast,fast.a.02
leopard,leopard.n.01
loves,love.v.01
to,O
cook,O
If,O
text,text.n.01
does,O
n't,O
make,make.v.01
sense,sense.n.01
is,O
coherent,coherent.a.01
serpent,snake.n.01
tempted,tempt.v.01
ca,O
n't,O
speak,speak.v.03
French,french.n.01
Spanish,spanish.n.01
wants,want.v.01
to,O
paint,paint.v.01
car,car.n.01
bright~blue,O
never,O
lie,lie.n.01
politician,politician.n.02
is,O
old,old.a.01
fox,fox.n.01
are,O
dozing,doze_off.v.01
off,O
cat,cat.n.01
is,O
watching,watch.v.03
fish,fish.n.01
decapitated,beheaded.s.01
body,person.n.01
was,O
on,O
coroner,coroner.n.01
's,O
table,table.n.02
Many,O
man,man.n.01
has,O
predicted,predict.v.01
is,O
one,person.n.01
want,want.v.01
jumped,jump.v.01
into,O
train,train.n.01
is,O
more,O
popular,popular.a.01
than,O
roads,roads.n.01
lead,lead.n.02
to,O
station,station.n.01
found,find.v.01
one,person.n.01
son,son.n.01
will,O
take,take_place.v.01
over,O
job,job.n.01
Speak,O
clear,clear.a.01
shoes,shoe.n.01
are,O
little,little.a.03
loose,loose.a.01
ca,O
n't,O
understand,understand.v.01
table,table.n.02
is,O
map,map.n.01
of,O
city,city.n.01
was,O
carrying,carry.v.01
bucket,bucket.n.01
of,O
water,water.n.06
was,O
crying,cry.v.02
're,O
very,very.r.01
happy,happy.a.01
with,O
results,result.n.03
'm,O
really,really.r.04
fed~up,fed_up.a.01
with,O
heat,heat.n.02
Man,man.n.01
has,O
been,O
writing,write.v.01
for,O
about,O
years,year.n.01
acknowledged,acknowledge.v.01
mistake,mistake.n.01
lot,O
of,O
insects,insect.n.01
are,O
chirping,peep.v.03
in,O
field,field.n.01
'm,O
volleyball~player,O
mother,mother.n.01
made,make.v.06
sweater,sweater.n.01
are,O
not,O
watching,watch.v.03
TV,tv.n.02
now,O
is,O
exciting,exciting.a.01
pie,pie.n.01
is,O
fresh,fresh.a.01
is,O
watering,water.v.01
garden,garden.n.01
played,play.v.01
piano,piano.n.01
and,O
sang,sing.v.02
hugged,hug.v.01
saw,see.v.01
monkey,monkey.n.01
at,O
zoo,zoo.n.01
'll,O
hang,hang.v.05
coat,coat.n.01
up,O
behind,O
door,door.n.01
called,call.v.01
mother,mother.n.01
up,O
from,O
airport,airport.n.01
There,O
are,O
over,O
speakers,speaker.n.02
in,O
world,world.n.04
was,O
expelled,expel.v.01
from,O
school,school.n.02
Despite,O
great,great.a.04
wealth,wealth.n.01
are,O
not,O
happy,happy.a.01
started,start.v.02
walking,walk.v.01
has,O
read,read.v.01
times,time.n.01
gave,give.v.03
money,money.n.01
of,O
were,O
surprised,surprised.a.01
at,O
news,news.n.01
rain,rain.n.01
is,O
letting,let_up.v.01
up,O
'll,O
miss,miss.v.05
too,O
am,O
counting,count.v.01
on,O
help,help.v.01
is,O
extremely,extremely.r.02
fit,fit.a.03
's,O
plan,plan.n.01
actually,actually.r.01
worked,work.v.02
's,O
shorter,short.a.03
than,O
father,father.n.01
want,want.v.01
now,O
Emily,female.n.02
is,O
crying,cry.v.02
borrowed,borrow.v.01
's,O
car,car.n.01
brought,bring.v.01
wine,wine.n.01
train,train.n.01
leaves,leave.v.01
at,O
nine~o'clock,O
's,O
speech,speech.n.01
was,O
good,good.a.01
ripped,rip_up.v.01
off,O
have,O
been,O
to,O
twice,O
picked,pick.v.02
diamond,diamond.n.01
up,O
and,O
looked,look.v.02
at,O
came,come.v.02
back,back.n.01
at,O
bedroom,bedroom.n.01
is,O
crawling,crawl.v.03
with,O
spiders,spider.n.01
is,O
very,very.r.01
polite,polite.a.01
's,O
good,good.a.01
Maybe,O
killed,kill.v.01
's,O
cleaning,clean_out.v.01
book,book.n.02
There,O
are,O
plenty,O
of,O
fish,fish.n.01
in,O
river,river.n.01
was,O
praying,pray.v.01
doctor,doctor.n.01
told,tell.v.02
should,O
eat,eat.v.01
lot,O
of,O
vegetables,vegetable.n.01
saw,see.v.01
small,small.a.01
on,O
left,leave.v.01
knee,knee.n.01
won,win.v.01
phone,phone.n.01
am,O
engaged,engage.v.05
to,O
was,O
afraid,afraid.a.01
is,O
n't,O
winning,win.v.01
suit,suit.n.01
's,O
made,make.v.06
of,O
very,very.r.01
rough,rough.a.01
material,material.n.01
Somebody,person.n.01
catch,catch.v.19
man,man.n.01
is,O
amused,amused.a.01
Are,O
yours,O
always,O
get,get.v.05
up,O
at,O
in,O
morning,morning.n.01
price,price.n.02
rose,rise.v.01
threw,throw.v.01
rope,rope.n.01
tour,tour.n.01
is,O
going,go.v.01
to,O
be,O
amazing,amazing.s.01
can,O
buy,buy.v.01
stamps,cast.n.03
at,O
post~office,post_office.n.01
's,O
eyes,eye.n.01
are,O
red,red.a.01
and,O
looks,look_like.v.01
very,very.r.01
tired,tired.a.01
's,O
cooking,cook.v.01
breakfast,breakfast.n.01
played,play.v.01
on,O
banks,banks.n.01
of,O
handed,hand.v.01
glass,glass.n.02
of,O
red~wine,red_wine.n.01
were,O
right,O
There,O
are,O
many,O
birds,bird.n.01
in,O
park,park.n.02
is,O
personal,personal.a.01
is,O
angry,angry.a.01
now,O
rented,rent.v.02
canoe,canoe.n.01
did,O
n't,O
murder,murder.n.01
anyone,person.n.01
am,O
saving,salvage.v.01
up,O
so~that,O
can,O
go,go.v.01
to,O
like,like.v.02
bright,bright.a.03
colors,colors.n.01
agree,agree.v.01
loves,love.v.01
tulips,tulip.n.01
love,love.v.01
thick,thick.a.01
creamy,creamy.s.01
mushroom,mushroom.n.01
soup,soup.n.01
honked,honk.v.01
horn,horn.n.09
's,O
terrible,terrible.a.01
driver,driver.n.01
fled,flee.v.01
'm,O
exhausted,exhausted.a.01
conference,conference.n.01
drew,draw.v.06
diplomats,diplomat.n.01
loved,love.v.03
of,O
twisted,twist.v.10
truth,truth.n.01
admire,admire.v.01
talent,endowment.n.01
monkey,monkey.n.01
escaped,escape.v.01
from,O
cage,cage.n.01
man,man.n.01
is,O
playing,play.v.01
flute,flute.n.01
badger,badger.n.02
is,O
n't,O
burrowing,burrow.v.01
hole,hole.n.01
whispered,whisper.v.01
something,entity.n.01
to,O
and,O
smiled,smile.v.02
asked,ask.v.01
if,O
like,like.v.02
mathematics,mathematics.n.01
Somebody,person.n.01
was,O
murdered,murder.v.01
Baena~Soares,O
was,O
arrested,arrest.v.01
by,O
armed~forces,O
Reform,reform.n.01
allows,let.v.01
home,home.n.01
schooling,schooling.n.01
is,O
located,located.a.01
in,O
was,O
torn,tear_down.v.01
down,O
in,O
Finishing,complete.v.01
job,job.n.01
by,O
will,O
be,O
piece~of~cake,piece_of_cake.n.01
smell,smell.v.01
of,O
lilies,lily.n.01
filled,fill.v.01
room,room.n.01
wrote,write.v.01
book,book.n.02
dog,dog.n.01
is,O
dying,die.v.06
lives,live.v.01
in,O
hospital,hospital.n.01
has,O
lot,O
of,O
new,new.a.01
equipment,equipment.n.01
wants,want.v.01
money,money.n.01
mother~tongue,mother_tongue.n.01
is,O
Japanese,country.n.02
do,O
n't,O
have,O
bicycle,bicycle.n.01
Where,location.n.01
's,O
newspaper,newspaper.n.03
has,O
resigned,resign.v.01
Nobody,person.n.01
can,O
surpass,excel.v.01
are,O
on,O
wrong,wrong.a.01
train,train.n.01
wrinkled,wrinkled.a.02
brows,brow.n.01
had,O
one,person.n.01
daughter,daughter.n.01
postman,mailman.n.01
was,O
bitten,bite.v.01
by,O
dog,dog.n.01
'm,O
pregnant,pregnant.a.01
shoes,shoe.n.01
are,O
brown,brown.a.01
was,O
brave,brave.a.01
dog,dog.n.01
is,O
white,white.a.01
designed,design.v.03
own,own.v.01
clothes,clothes.n.01
house,house.n.01
is,O
famous,famous.a.01
Is,O
explanation,explanation.n.01
clear,clear.a.01
sings,sing.v.02
song,song.n.01
bicycle,bicycle.n.01
is,O
mine,O
Oscar,academy_award.n.01
was,O
mum,mum.n.02
's,O
dog,dog.n.01
According,according.a.02
to,O
radio,radio.n.02
will,O
rain,rain.n.01
tomorrow,O
'm,O
so,so.r.01
tired,tired.a.01
was,O
heartbroken,O
is,O
's,O
canary,fink.n.01
thief,thief.n.01
hid,hide.v.02
in,O
dark,dark.a.10
doorway,doorway.n.01
love,love.v.01
How,O
much,O
does,O
tie,tie.n.01
cost,cost.v.01
based,based.a.02
Conservation~Corporation,O
threatens,endanger.v.01
local,local.a.01
population,population.n.01
Approximately,O
farmers,farmer.n.01
were,O
disowned,disinherit.v.01
during,O
agricultural,agricultural.a.01
reform,reform.n.01
HBV~Union,O
Austrian,country.n.02
job,job.n.01
market,market.n.05
is,O
also,O
improving,better.v.02
How,O
was,O
founded,found.v.01
Which,entity.n.01
state,state.n.01
has,O
longest,long.a.02
coastline,coastline.n.01
on,O
is,O
most,most.r.01
famous,famous.a.01
international,international.a.01
terrorist,terrorist.n.01
How,O
tall,tall.a.01
is,O
Matterhorn,O
How,O
many,O
inhabitants,inhabitant.n.01
does,O
have,O
wo,O
n't,O
speak,speak.v.03
to,O
am,O
acquainted,acquainted.a.01
with,O
need,need.v.02
to,O
buy,buy.v.01
one,person.n.01
think,think.v.01
is,O
outgoing,outgoing.a.03
saw,see.v.01
everything,entity.n.01
am,O
not,O
have,O
electric~guitar,electric_guitar.n.01
pilot,pilot.n.01
raced,rush.v.01
for,O
from,O
to,O
hates,hate.v.01
parties,party.n.04
owe,owe.v.03
dollars,dollar.n.01
is,O
exceptional,exceptional.a.01
is,O
putting,put.v.01
children,child.n.02
to,O
bed,bed.n.01
spent,spend.v.01
more~than,O
three,O
dollars,dollar.n.01
father,father.n.01
's,O
in,O
garden,garden.n.01
Two,O
years,year.n.01
ago,O
went,go.v.01
to,O
dove,dive.v.02
symbolizes,typify.v.02
peace,peace.n.01
is,O
extremely,extremely.r.02
strong,strong.a.01
puts,put.v.01
stevia,stevia.n.01
in,O
coffee,coffee.n.01
instead,O
of,O
sugar,sugar.n.01
wiped,wipe.v.01
sweat,sweat.n.01
from,O
forehead,forehead.n.01
Which,entity.n.01
suitcases,suitcase.n.01
are,O
's,O
There,O
is,O
yogurt,yogurt.n.01
in,O
refrigerator,refrigerator.n.01
Someone,person.n.01
has,O
given,give_out.v.02
cold,cold.n.01
's,O
favorite,favorite.a.02
cartoon,cartoon.n.01
rolled,roll.v.01
over,O
in,O
bed,bed.n.01
handed,hand.v.01
money,money.n.01
owed,owe.v.03
was,O
born,bear.v.02
on,O
too,O
am,O
worried,worried.a.01
about,O
wine,wine.n.01
's,O
very,very.r.01
intoxicating,intoxicant.s.01
loves,love.v.01
chocolate~cake,chocolate_cake.n.01
is,O
very,very.r.01
naive,naive.a.01
n't,O
saw,see.v.01
week,week.n.01
ago,O
father,father.n.01
was,O
engineer,engineer.n.01
am,O
taller,tall.a.01
'm,O
athletic,athletic.a.01
idolized,idolize.v.01
There,O
are,O
number,number.n.04
of,O
movie~theaters,O
in,O
city,city.n.01
made,make.v.06
supper,supper.n.01
Maybe,O
is,O
Italian,country.n.02
or,O
Spanish,spanish.n.01
forgot,forget.v.04
password,password.n.01
matters,matter.v.01
to,O
news,news.n.01
is,O
official,official.a.01
have,O
eight,O
brothers,brother.n.01
adore,adore.v.01
elephants,elephant.n.01
has,O
nice,nice.a.01
legs,leg.n.01
can,O
not,O
speak,speak.v.03
German,country.n.02
expect,expect.v.01
will,O
pass,pass.v.01
examination,examination.n.01
Many,O
are,O
interested,interested.a.01
in,O
culture,culture.n.01
bought,buy.v.01
new,new.a.01
dictionary,dictionary.n.01
did,O
defeat,defeat.n.01
'm,O
disgusted,disgust.v.01
never,O
saw,see.v.01
insulin,insulin.n.01
was,O
making,make.v.01
fat,fat.a.01
want,want.v.01
divorce,divorce.n.01
want,want.v.01
bag,bag.n.01
Let,O
's,O
play,play.v.01
baseball,baseball.n.01
told,tell.v.02
everything,entity.n.01
will,O
make,make.v.01
note,note.n.01
in,O
notebook,notebook.n.02
have,O
not,O
eaten,eat.v.01
poisonous,poisonous.a.01
mushrooms,mushroom.n.02
imbecile,idiot.n.01
has,O
sharp,sharp.a.08
teeth,tooth.n.01
forgot,forget.v.04
pen,pen.n.01
're,O
silly,silly.a.01
wonder,wonder.v.01
if,O
milk,milk.n.01
is,O
still,O
good,good.a.01
accept,accept.v.03
offer,offer.n.02
am,O
intelligent,intelligent.a.01
's,O
humiliating,O
quit,quit.v.01
loves,love.v.01
animals,animal.n.01
drank,drink.v.01
potion,potion.n.01
called,call.v.01
pirate,plagiarist.n.01
skipped,jump.v.13
breakfast,breakfast.n.01
're,O
disposable,disposable.a.01
eggs,egg.n.02
are,O
in,O
basket,basket.n.01
may,O
have,O
met,meet.v.01
somewhere,location.n.01
One,O
can,O
not,O
communicate,communicate.v.01
're,O
wise,wise.a.01
is,O
angry,angry.a.01
n't,O
is,O
's,O
stepson,stepson.n.01
put,put.v.01
old,old.a.01
computer,computer.n.01
in,O
cellar,cellar.n.01
submarine,submarine.n.01
hid,hide.v.02
in,O
depths,depth.n.01
of,O
ocean,ocean.n.01
's,O
very,very.r.01
talented,talented.a.01
man,man.n.01
can,O
prove,prove.v.01
to,O
was,O
dazzled,dazzle.v.02
by,O
beauty,beauty.n.01
monkey,monkey.n.01
climbed,climb.v.01
up,O
tree,tree.n.01
captured,capture.v.03
cicadas,cicada.n.01
with,O
net,net.n.02
'll,O
buy,buy.v.01
pencil,pencil.n.01
is,O
fashion,fashion.n.03
junkie,drug_addict.n.01
put,put.v.01
pistol,pistol.n.01
under,O
pillow,pillow.n.01
son,son.n.01
is,O
playing,play.v.01
in,O
rain,rain.n.01
was,O
unarmed,unarmed.a.01
tower,tower.n.01
is,O
fifteen,O
metres,meter.n.02
high,high.a.02
tires,tire.n.01
are,O
very,very.r.01
sticky,sticky.a.01
put,put.v.01
in,O
for,O
raise,raise.n.01
eagle,eagle.n.01
is,O
white,white.a.01
's,O
third,O
was,O
killed,kill.v.01
by,O
land~mine,O
wo,O
n't,O
play,play.v.01
because,O
've,O
twisted,twist.v.10
ankle,ankle.n.01
hate,hate.v.01
birthday~parties,O
's,O
father,father.n.01
works,work.v.02
in,O
car~factory,O
medicine,medicine.n.02
did,O
n't,O
help,help.v.01
at~all,O
wore,wear.v.01
Hawaiian,hawaiian.n.01
shirt,shirt.n.01
must,O
n't,O
throw,throw.v.01
litter,O
in,O
street,street.n.01
Where,location.n.01
does,O
grandfather,grandfather.n.01
live,live.v.01
horses,horse.n.01
are,O
's,O
made,make.v.06
secretary,secretary.n.02
devoted,devote.v.01
life,life.n.03
to,O
company,company.n.01
is,O
working,work.v.02
in,O
field,field.n.01
of,O
biology,biology.n.01
might,O
be,O
busy,busy.a.01
grew,grow_up.v.01
up,O
in,O
small,small.a.01
town,town.n.01
deposited,lodge.v.02
money,money.n.01
in,O
bank,bank.n.02
has,O
boat,boat.n.01
Wolves,wolf.n.01
stalked,stalk.v.01
flock,flock.n.01
day,day.n.01
was,O
exhausting,exhaust.v.01
'm,O
buying,buy.v.01
fruit,fruit.n.01
and,O
chocolate,chocolate.n.02
walked,walk.v.01
into,O
's,O
room,room.n.01
Yesterday,O
was,O
ill,ill.a.01
dog,dog.n.01
is,O
red,red.a.01
marched,march.v.01
two,O
abreast,abreast.r.01
city,city.n.01
walls,wall.n.01
are,O
so,so.r.01
beautiful,beautiful.a.01
ordered,order.v.02
book,book.n.02
from,O
How,O
many,O
magazines,magazine.n.02
are,O
on,O
desk,desk.n.01
have,O
to,O
go,go.v.01
school,school.n.02
should,O
break,break.v.06
up,O
wanted,want.v.01
to,O
run,run_over.v.01
away,O
with,O
road,road.n.01
is,O
n't,O
very,very.r.01
safe,safe.a.01
one,person.n.01
expected,expect.v.01
to,O
win,win.v.01
was,O
very,very.r.01
selfish,selfish.a.01
walked,walk.v.01
along,O
river,river.n.01
is,O
suffering,suffer.v.02
from,O
cold,cold.n.01
suspected,suspect.v.01
father,father.n.01
was,O
dyslexic,O
'm,O
in~love,in_love.a.01
with,O
furnished,supply.v.01
library,library.n.03
with,O
new,new.a.01
books,book.n.02
one,person.n.01
was,O
alive,alive.a.01
offered,offer.v.02
to,O
lend,lend.v.02
money,money.n.01
work,work.v.02
at,O
post~office,post_office.n.01
one,person.n.01
is,O
perfect,perfect.a.01
apple,apple.n.01
is,O
bruised,bruise.v.01
was,O
hiding,hide.v.02
behind,O
tree,tree.n.01
went,go.v.01
to,O
theater,theater.n.01
with,O
're,O
kidding,kid.v.01
young,young.a.01
boy,boy.n.01
helped,help.v.01
old,old.a.01
woman,woman.n.01
letdown,disappointment.n.01
Lungs,lung.n.01
heart,heart.n.02
veins,vein.n.01
arteries,artery.n.01
and,O
capillaries,capillary.n.01
form,form.v.01
cardiovascular~system,O
pessimism,pessimism.n.01
journeys,journey.n.01
begin,get_down.v.07
with,O
first~step,first_step.n.01
burns,burns.n.01
month,month.n.02
is,O
welcomed,welcome.v.01
old,old.a.01
political,political.a.01
opponent,opponent.n.01
There,O
is,O
little,little.a.03
boy,boy.n.01
walking,walk.v.01
with,O
dog,dog.n.01
are,O
fresh,fresh.a.01
is,O
listening,listen.v.02
to,O
is,O
n't,O
father,father.n.01
Everything,entity.n.01
is,O
all~right,all_right.a.01
now,O
Try,try.v.01
hard,hard.a.01
hates,hate.v.01
is,O
all~right,all_right.a.01
now,O
Maybe,O
was,O
right,O
will,O
meet,meet.v.02
at,O
station,station.n.01
Is,O
retired,retired.a.01
favorite,favorite.a.02
German,country.n.02
band,band.n.05
is,O
news,news.n.01
spread,spread.v.09
fast,fast.a.02
restaurant,restaurant.n.01
is,O
less,O
expensive,expensive.a.01
're,O
taunting,tease.v.02
policeman,policeman.n.01
was,O
off,O
duty,duty.n.02
's,O
cool,cool.a.02
're,O
older,old.a.01
than,O
sharpened,sharpen.v.01
knife,knife.n.01
're,O
terrible,terrible.a.01
underestimated,undervalue.v.01
disturbs,disturb.v.01
Oil,oil.n.01
bicycle,bicycle.n.01
'm,O
game,game.n.01
's,O
smiling,smile.v.01
disappeared,disappear.v.01
again,O
got,O
dressed,dress.v.01
love,love.v.01
hamburgers,hamburger.n.01
am,O
horrified,dismay.v.02
's,O
cleaning,clean_out.v.01
out,O
closet,closet.n.01
is,O
swimming,swim.v.01
in,O
river,river.n.01
stared,stare.v.01
at,O
suspiciously,suspiciously.r.01
am,O
not,O
like,like.v.02
Push,push.v.01
button,button.n.02
abhor,abhor.v.01
spiders,spider.n.01
arrived,arrive.v.01
at,O
concurred,agree.v.01
's,O
eleven,O
and,O
not,O
coming,come.v.02
likes,like.v.02
coffee,coffee.n.01
black,black.a.01
scored,score.v.01
three,O
goals,goal.n.04
's,O
vibrating,vibrate.v.01
looks,look_like.v.01
hesitant,O
cared,care.v.01
for,O
sick,sick.a.01
mother,mother.n.01
darkens,darken.v.01
room,room.n.01
squeezed,squeeze.v.01
orange~juice,orange_juice.n.01
forgave,forgive.v.01
insulted,insult.v.01
found,find.v.01
under,O
bed,bed.n.01
Grow,turn.v.07
up,O
will,O
help,help.v.01
is,O
bilingual,bilingual.a.01
dialed,dial.v.02
wrong,wrong.a.01
number,number.n.04
found,find.v.01
one,person.n.01
should,O
organize,form.v.01
search~party,O
Read,read.v.01
was,O
arrested,arrest.v.01
by,O
police,police.n.01
Give,give.v.03
book,book.n.02
to,O
'm,O
illiterate,illiterate.a.01
company,company.n.01
spends,spend.v.02
lot,O
of,O
money,money.n.01
on,O
advertising,ad.n.01
demand,demand.v.01
refund,refund.n.01
can,O
not,O
swim,swim.v.01
at~all,O
knew,know.v.01
something,entity.n.01
mashed,squash.v.01
potatoes,potato.n.01
with,O
large,large.a.01
fork,fork.n.01
soccer~ball,soccer_ball.n.01
is,O
rolling,roll.v.01
into,O
goal,goal.n.04
net,net.n.02
is,O
more,O
famous,famous.a.01
than,O
am,O
playing,play.v.01
committee,committee.n.01
is,O
composed,compose.v.02
of,O
three,O
men,man.n.01
and,O
seven,O
women,woman.n.01
lived,live.v.01
from,O
to,O
Senacal,O
resides,O
in,O
Dinosaur,dinosaur.n.01
remains,remain.v.01
were,O
found,find.v.01
in,O
But,O
universe,universe.n.01
is,O
infinite,infinite.a.01
can,O
speak,speak.v.03
Japanese,country.n.02
is,O
famous,famous.a.01
artist,artist.n.01
borders,border_on.v.01
on,O
is,O
end,end.n.01
of,O
story,story.n.01
box,box.n.01
is,O
not,O
as,O
big,big.a.01
one,person.n.01
carpets,rug.n.01
are,O
especially,especially.r.01
valuable,valuable.a.01
telephone,telephone.n.01
rang,ring.v.01
repeatedly,repeatedly.r.01
drank,drink.v.01
three,O
bottles,bottle.n.02
of,O
beer,beer.n.01
think,think.v.01
is,O
honest,honest.a.01
grew,grow_up.v.01
roses,rose.n.01
wind,wind.n.01
is,O
blowing,blow.v.02
needs,need.v.01
umbrella,umbrella.n.01
television,television.n.03
is,O
not,O
working,work.v.02
is,O
island,island.n.01
Do,O
speak,speak.v.03
have,O
drunk,drunk.a.01
two,O
bottles,bottle.n.02
of,O
wine,wine.n.01
'm,O
foreigner,foreigner.n.01
stole,steal.v.01
money,money.n.01
from,O
was,O
furious,ferocious.s.01
'm,O
very,very.r.01
short,short.a.04
Where,location.n.01
did,O
see,see.v.01
boy,boy.n.01
Let,O
develop,develop.v.01
people,person.n.01
are,O
currently,O
employed,employ.v.01
at,O
industrial~park,O
Chinese,country.n.02
leadership,leadership.n.01
has,O
called,call.v.01
on,O
German,country.n.02
business,business.n.01
to,O
interfere,interfere.v.01
with,O
government,government.n.01
's,O
policy,policy.n.01
makes,make.v.24
refrigerators,refrigerator.n.01
year,year.n.01
did,O
sink,sink.n.01
Where,location.n.01
is,O
How,O
many,O
time~zones,O
are,O
there,O
in,O
world,world.n.04
is,O
longest,long.a.02
river,river.n.01
in,O
world,world.n.04
married,marry.v.01
sister,sister.n.01
How,O
long,long.a.02
is,O
blade,blade.n.01
lies,lie.v.01
is,O
Japanese,country.n.02
works,work.v.02
was,O
swimming,swim.v.01
None,entity.n.01
of,O
children,child.n.02
are,O
sitting,sit.v.01
sharpened,sharpen.v.01
pencil,pencil.n.01
with,O
knife,knife.n.01
talked,talk.v.01
Loosen,loosen.v.01
is,O
playing,play.v.01
poker,poker.n.01
with,O
friends,friend.n.01
There,O
are,O
lot,O
of,O
breweries,brewery.n.01
in,O
is,O
philosopher,philosopher.n.01
n't,O
'll,O
meet,meet.v.02
at,O
station,station.n.01
nine~o'clock,O
love,love.v.01
books,book.n.02
is,O
not,O
nurse,nurse.n.01
but,O
doctor,doctor.n.01
Ah,O
'll,O
drive,drive.v.01
swam,swim.v.01
across,O
river,river.n.01
looked,look.v.02
like,like.v.02
was,O
healthy,healthy.a.01
and,O
laughed,laugh.v.01
love,love.v.01
was,O
not,O
lonely,lonely.a.01
'm,O
careful,careful.a.01
handed,hand.v.01
cigarette,cigarette.n.01
to,O
are,O
not,O
at~all,O
interested,interested.a.01
escaped,escape.v.01
author,author.n.01
suffers,suffer.v.02
from,O
writer's~block,O
from~time~to~time,from_time_to_time.r.01
secret,secret.a.06
leaked,leak.v.01
out,O
tripped,stumble.v.02
on,O
something,entity.n.01
was,O
dazzled,dazzle.v.02
raises,raise.v.01
Arabian,arabian.a.01
horses,horse.n.01
owners,owner.n.01
appointed,appoint.v.02
manager,manager.n.01
's,O
survived,survive.v.01
like,like.v.02
kind,entity.n.01
of,O
apple,apple.n.01
sucks,suck.v.04
is,O
message,message.n.01
for,O
stopped,stop.v.02
reading,read.v.01
car,car.n.01
bumped,bump_into.v.01
tree,tree.n.01
lives,live.v.01
in,O
bus~driver,O
was,O
drunk,drunk.a.01
sleeping,sleep.v.01
with,O
suitcase,suitcase.n.01
was,O
n't,O
mine,O
poet,poet.n.01
wrote,write.v.01
many,O
poems,poem.n.01
Where,location.n.01
did,O
put,put.v.01
umbrella,umbrella.n.01
Hundreds,hundred.n.01
of,O
people,person.n.01
were,O
killed,kill.v.01
tiger~cub,O
looked,look.v.02
like,like.v.02
large,large.a.01
kitten,kitten.n.01
joined,join.v.01
army,army.n.01
when,O
was,O
eighteen,O
consulted,consult.v.01
about,O
problem,problem.n.02
's,O
never,O
been,O
to,O
somebody,person.n.01
hear,hear.v.01
something,entity.n.01
comment,remark.n.01
is,O
crying,cry.v.02
too,O
printed,print.v.01
out,O
page,page.n.01
'm,O
fed,fed_up.a.01
up,O
with,O
winter,winter.n.01
want,want.v.01
spring,jump.v.01
right,O
now,O
marvelous,fantastic.s.02
family,family.n.04
examples,example.n.01
are,O
's,O
wrote,write.v.01
down,O
something,entity.n.01
in,O
notebook,notebook.n.02
'm,O
at,O
restaurant,restaurant.n.01
dress,dress.n.01
dug,dig.v.02
hole,hole.n.01
in,O
backyard,backyard.n.01
street,street.n.01
is,O
empty,empty.a.01
barred,bar.v.01
door,door.n.01
and,O
locked,lock.v.01
can,O
come,come.v.02
at,O
three,O
mere,mere.s.01
spectators,spectator.n.01
watched,watch.v.03
game,game.n.01
father,father.n.01
is,O
like,like.v.02
friend,friend.n.01
to,O
father,father.n.01
fixed,fix.v.01
broken,broken.a.01
chair,chair.n.01
leave,leave.v.01
tomorrow,O
was,O
meeting,meeting.n.01
at,O
six,O
're,O
wounded,wound.v.01
's,O
as,O
pretty,pretty.a.01
sister,sister.n.01
was,O
also,O
kind,entity.n.01
to,O
animals,animal.n.01
are,O
sister,sister.n.01
's,O
magazines,magazine.n.02
is,O
acquaintance,acquaintance.n.03
of,O
hers,female.n.02
Wait,delay.n.01
Is,O
tapwater,O
drinkable,drinkable.a.01
in,O
remember,remember.v.01
'm,O
tired,tired.a.01
of,O
backgammon,backgammon.n.01
is,O
liked,like.v.03
by,O
everyone,person.n.01
ran,run_away.v.01
out,O
of,O
money,money.n.01
's,O
favorite,favorite.a.02
painter,painter.n.01
notice,notice.v.01
something,entity.n.01
suspicious,leery.s.01
have,O
to,O
button,button.n.02
jacket,jacket.n.01
is,O
awesome,amazing.s.02
lot,O
of,O
students,student.n.01
around,O
world,world.n.04
are,O
studying,study.v.05
voyage,voyage.n.01
lasted,last.v.01
months,month.n.02
made,make.v.06
chair,chair.n.01
've,O
suddenly,suddenly.r.01
started,start.v.02
to,O
gain,derive.v.02
weight,weight.n.01
Many,O
people,person.n.01
were,O
arrested,arrest.v.01
took,take.v.02
morning~after~pill,O
How,O
much,O
is,O
camera,camera.n.01
Can,O
give,give.v.03
kilo,kilogram.n.01
of,O
plums,plum.n.01
died,die.v.01
in,O
Something,entity.n.01
fishy,O
is,O
going,go.v.01
on,O
will,O
be,O
jealous,jealous.a.01
received,receive.v.01
telegram,telegram.n.01
from,O
do,O
n't,O
know,know.v.01
how,manner.n.01
did,O
's,O
cellphone,cellphone.n.01
rang,ring.v.01
and,O
answered,answer.v.02
'm,O
not,O
scared,scared.a.01
of,O
anymore,O
stopped,stop.v.02
debts,debt.n.01
amount,amount.v.02
to,O
Three,O
suspects,suspect.n.01
have,O
been,O
arrested,arrest.v.01
bugs,bug.v.01
were,O
fixed,fix.v.01
There,O
are,O
flying,fly.v.01
birds,bird.n.01
in,O
sky,sky.n.01
am,O
baffled,baffled.a.01
's,O
obscene,O
is,O
smashed,smash.v.02
'm,O
not,O
little~sister,little_sister.n.01
'm,O
still,O
little,little.a.03
hungry,hungry.a.01
is,O
kind,entity.n.01
of,O
watermelon,watermelon.n.01
ball,ball.n.01
hit,hit.v.03
crossbar,crossbar.n.01
is,O
first~name,first_name.n.01
Let,O
's,O
climb,climb.v.01
to,O
top,top.n.02
of,O
mountain,mountain.n.01
parents,parent.n.01
love,love.v.01
sun,sun.n.01
is,O
shining,shine.v.02
in,O
face,face.n.01
am,O
peeling,peel.v.01
celery,celery.n.01
and,O
potatoes,potato.n.01
must,O
be,O
very,very.r.01
proud,proud.a.01
When,O
was,O
boy,boy.n.01
addicted,addicted.a.01
to,O
reading,read.v.01
detective~stories,O
is,O
stirring,stir.v.08
coffee,coffee.n.01
is,O
very,very.r.01
young,young.a.01
man,man.n.01
is,O
filling,fill.v.01
container,container.n.01
made,make.v.06
of,O
plastic,plastic.n.01
man,man.n.01
is,O
shooting,shoot.v.01
with,O
bow,bow.n.02
's,O
cleverer,clever.a.02
than,O
Something,entity.n.01
is,O
happening,happen.v.01
in,O
asked,ask.v.01
whether,O
like,like.v.02
math,math.n.01
is,O
not,O
as,O
tall,tall.a.01
Everyone,person.n.01
in,O
class,class.n.02
climbed,climb.v.01
hill,hill.n.01
assassination,character_assassination.n.01
of,O
took,take.v.02
place,O
on,O
at,O
end,end.n.01
rally,rally.n.01
in,O
support,support.v.02
agreements,agreement.n.01
assassination,character_assassination.n.01
of,O
took,take.v.02
place,O
in,O
Texas~Instruments,O
produces,produce.v.01
mobile~phones,mobile_phone.n.01
Look,look.v.01
out,O
girl,girl.n.01
was,O
afraid,afraid.a.01
of,O
own,own.v.01
shadow,shadow.n.01
All,O
students,student.n.01
study,study.v.05
teaches,teach.v.01
is,O
now,O
on,O
duty,duty.n.02
like,like.v.02
languages,language.n.01
school,school.n.02
is,O
years,year.n.01
old,old.a.01
is,O
scientist,scientist.n.01
has,O
written,write.v.01
number,number.n.04
of,O
exciting,exciting.a.01
detective~stories,O
'll,O
attend,attend.v.01
Summer,summer.n.01
has,O
ended,end.v.01
computer,computer.n.01
has,O
frozen,frozen.a.05
flag,flag.n.01
is,O
very,very.r.01
pretty,pretty.a.01
building,building.n.01
is,O
one~hundred,O
meters,meter.n.01
high,high.a.02
wounded,wound.v.01
were,O
transported,transport.v.01
with,O
ambulance,ambulance.n.01
massaged,massage.v.01
shoulders,shoulder.n.01
have,O
truck,truck.n.01
is,O
taller,tall.a.01
than,O
weather,weather.n.01
room,room.n.01
In,O
part,part.n.07
of,O
did,O
oilpipe,O
burst,burst.v.01
There,O
is,O
crumb,crumb.n.01
in,O
beard,beard.n.01
asked,ask.v.01
if,O
was,O
swallowed,swallow.v.01
card,card.n.03
was,O
sent,send.v.01
by,O
company,company.n.01
to,O
've,O
never,O
been,O
skiing,ski.v.01
has,O
been,O
stabbed,stab.v.01
several,O
times,time.n.01
inherited,inherit.v.01
old,old.a.01
wooden,wooden.a.01
chest,chest.n.02
retired,retired.a.01
many,O
years,year.n.01
ago,O
's,O
cheap,cheap.a.03
is,O
n't,O
's,O
outdated,O
hare,hare.n.01
raced,rush.v.01
with,O
tortoise,tortoise.n.01
took,take.v.02
several,O
hours,hour.n.01
to,O
draw,draw.n.03
Is,O
hexane,hexane.n.01
toxic,O
Let,O
's,O
go,go.v.01
to,O
theater,theater.n.01
together,O
submarines,submarine.n.01
sank,sink.v.04
lot,O
of,O
ships,ship.n.01
is,O
addicted,addicted.a.01
to,O
heroin,heroin.n.01
dreams,dream.v.01
body,person.n.01
in,O
speaks,speak.v.03
regret,regret.v.01
decision,decision.n.02
've,O
seen,see.v.01
flying~saucer,O
drove,drive.v.02
car,car.n.01
off,O
cliff,cliff.n.01
threw,throw.v.01
snowball,snowball.n.01
at,O
called,call.v.01
are,O
pens,pen.n.01
one,person.n.01
except,O
was,O
wearing,wear.v.01
tie,tie.n.01
Somebody,person.n.01
called,call.v.01
sold,sell.v.01
house,house.n.01
hanged,hang.v.01
in,O
jail,jail.n.01
has,O
taught,teach.v.01
for,O
thirty,O
years,year.n.01
'm,O
waiting,wait.v.01
for,O
to,O
climb,climb.v.01
into,O
car,car.n.01
How,O
much,O
does,O
daughter,daughter.n.01
weigh,weigh.v.01
is,O
called,call.v.01
in,O
filled,fill.v.01
out,O
application~form,O
was,O
trampled,tread.v.02
by,O
wild,wild.a.02
hippopotamus,hippopotamus.n.01
is,O
served,serve.v.06
at,O
seven~a.m,O
Over,O
three~thousand,O
people,person.n.01
attended,attend.v.01
concert,concert.n.01
two,O
policemen,policeman.n.01
were,O
exhausted,exhausted.a.01
too,O
tried,try.v.01
house,house.n.01
is,O
near,O
subway~station,O
am,O
dumbfounded,dumbfounded.a.01
cleaned,clean.v.01
toilet,toilet.n.02
contradicted,contradict.v.01
bicycle,bicycle.n.01
is,O
blue,blue.a.01
have,O
read,read.v.01
book,book.n.02
several,O
times,time.n.01
was,O
livid,livid.a.03
older,old.a.01
man,man.n.01
was,O
sitting,sit.v.01
on,O
bench,bench.n.01
novel,novel.n.01
was,O
written,write.v.01
by,O
Nobody,person.n.01
called,call.v.01
cheated,cheat.v.04
bowed,bow.v.03
to,O
works,work.v.02
police,police.n.01
arrested,arrest.v.01
suspect,suspect.n.01
yesterday,O
hailstones,hailstone.n.01
were,O
as,O
big,big.a.01
tennis~balls,tennis_ball.n.01
Forgive,forgive.v.01
There,O
are,O
many,O
fish,fish.n.01
in,O
lake,lake.n.01
pulled,pull.v.15
down,O
blinds,blind.n.03
chopped,chop.v.01
down,O
tree,tree.n.01
with,O
ax,ax.n.01
Maybe,O
was,O
hiding,hide.v.02
something,entity.n.01
hugged,hug.v.01
There,O
's,O
hidden,hide.v.01
door,door.n.01
in,O
library,library.n.03
have,O
n't,O
touched,touch.v.01
anything,entity.n.01
works,work.v.02
at,O
supermarket,supermarket.n.01
composed,compose.v.02
sonnet,sonnet.n.01
surname,surname.n.01
is,O
Ling,O
stole,steal.v.01
money,money.n.01
did,O
n't,O
browser,browser.n.01
are,O
using,use.v.01
rope,rope.n.01
broke,break_out.v.01
under,O
strain,strain.n.01
How,O
blue,blue.a.01
sky,sky.n.01
is,O
knocked,knock.v.02
on,O
door,door.n.01
rinsed,rinse.v.03
dishes,dish.n.01
and,O
have,O
flown,fly.v.01
from,O
to,O
caught,catch.v.08
fish,fish.n.01
started,start.v.02
to,O
walk,walk.v.01
away,O
but,O
stopped,stop.v.02
has,O
been,O
to,O
three,O
times,time.n.01
intervened,intervene.v.01
substituted,substitute.v.02
for,O
father,father.n.01
is,O
city,city.n.01
in,O
Basque~Country,O
All,O
boys,boy.n.01
were,O
yelling,yell.v.01
am,O
proud,proud.a.01
of,O
fisherman,fisherman.n.01
's,O
story,story.n.01
is,O
fishy,fishy.a.01
news,news.n.01
got,O
around,O
is,O
stronger,strong.a.01
than,O
'll,O
wait,wait.v.01
for,O
in,O
lobby,anteroom.n.01
's,O
sitting,sit.v.01
in,O
waiting~room,waiting_room.n.01
Keeping,keep.v.01
car,car.n.01
is,O
considerable,considerable.a.01
expense,expense.n.01
is,O
not,O
funny,funny.a.01
's,O
hair,hair.n.01
is,O
chestnut~brown,chestnut.a.01
looked,look.v.02
down,O
on,O
as,O
coward,coward.n.01
's,O
true,true.a.01
vote,vote.v.01
took,take.v.02
place,O
on,O
sixteenth,sixteenth.n.01
dropped,drop.v.01
cup,cup.n.01
and,O
broke,break_out.v.01
gold,gold.n.03
ring,ring.n.08
belonged,belong.v.01
to,O
mother,mother.n.01
and,O
went,go.v.01
hunting,hunt.v.01
for,O
tree,tree.n.01
is,O
tall,tall.a.01
Everybody,person.n.01
wants,want.v.01
something,entity.n.01
extinguished,extinguish.v.02
fire,fire.n.01
took,take.v.02
five,O
hours,hour.n.01
to,O
make,make.v.01
kennel,kennel.n.01
room,room.n.01
is,O
extremely,extremely.r.02
small,small.a.01
river,river.n.01
is,O
also,O
polluted,polluted.a.01
and,O
picked,pick.v.02
up,O
hitchhiker,hitchhiker.n.01
suffered,suffer.v.02
from,O
collapsed,O
lung,lung.n.01
's,O
ironic,dry.s.02
lowered,lower.v.03
gaze,gaze.n.01
's,O
bit,O
older,old.a.01
than,O
thought,think.v.01
had,O
stopped,stop.v.02
dating,date.v.01
How,O
's,O
love,love.v.01
pizza,pizza.n.01
still,O
in~love,in_love.a.01
with,O
There,O
are,O
many,O
earthquakes,earthquake.n.01
in,O
is,O
very,very.r.01
sociable,sociable.a.01
ice,ice.n.02
is,O
two,O
inches,inch.n.01
thick,thick.a.01
have,O
to,O
turn,turn_on.v.01
in,O
report,report.n.01
today,O
got,O
had,O
wallet,wallet.n.01
stolen,steal.v.01
is,O
's,O
ex,O
did,O
get,get.v.05
flowers,flower.n.01
from,O
will,O
take,take_place.v.01
minutes,minute.n.01
to,O
get,get.v.05
station,station.n.01
by,O
taxi,taxi.n.01
father,father.n.01
died,die.v.01
five,O
years,year.n.01
ago,O
's,O
illiterate,illiterate.a.01
lighted,light.v.01
cigarette,cigarette.n.01
've,O
been,O
to,O
three,O
times,time.n.01
wound,wound.n.01
discharged,dispatch.v.02
pus,pus.n.01
aunt,aunt.n.01
's,O
glasses,glasses.n.01
are,O
fashionable,fashionable.a.01
do,O
work,work.v.02
for,O
from~time~to~time,from_time_to_time.r.01
is,O
majoring,major.v.01
in,O
architecture,architecture.n.01
child,child.n.01
is,O
wearing,wear.v.01
yellow,yellow.a.01
jacket,jacket.n.01
and,O
jumping,jump.v.01
on,O
rock,rock.n.01
person,person.n.01
is,O
buttering,butter.v.01
tray,tray.n.01
Someone,person.n.01
is,O
feeding,feed.v.01
animal,animal.n.01
whisky,whiskey.n.01
is,O
very,very.r.01
strong,strong.a.01
died,die.v.01
from,O
tuberculosis,tuberculosis.n.01
could,O
do,O
something,entity.n.01
big,big.a.01
Wilkins,wilkins.n.01
arrived,arrive.v.01
in,O
Dogs,dog.n.01
are,O
used,O
in,O
law~enforcement,O
authored,author.v.01
many,O
biographies,biography.n.01
was,O
re-elected,reelect.v.01
in,O
's,O
remains,remain.v.01
undiscovered,undiscovered.s.01
was,O
first,O
Chinese,country.n.02
was,O
born,bear.v.02
in,O
'm,O
not,O
convinced,convinced.a.01
at~all,O
took,take.v.02
three,O
days,day.n.01
to,O
clean,clean.v.01
room,room.n.01
How,O
long,long.a.02
is,O
bridge,bridge.n.01
How,O
deep,deep.a.03
is,O
lake,lake.n.01
watch,watch.n.01
is,O
very,very.r.01
accurate,accurate.a.01
do,O
n't,O
work,work.v.02
on,O
am,O
interested,interested.a.01
in,O
swimming,swim.v.01
have,O
few,O
books,book.n.02
wanted,want.v.01
to,O
surprise,surprise.v.01
steps,stairs.n.01
were,O
clearly,clearly.r.01
marked,tag.v.01
in,O
snow,snow.n.02
poll,poll.n.01
was,O
taken,take_away.v.04
yesterday,O
won,win.v.01
race,race.n.02
again,O
was,O
elected,elect.v.01
president,president.n.01
sat,sit.v.01
in,O
shade,shade.n.01
of,O
big,big.a.01
tree,tree.n.01
shed,shed.n.01
bitter,bitter.a.06
tears,tear.n.01
'm,O
patient,patient.n.01
'm,O
little,little.a.03
taller,tall.a.01
than,O
listened,listen.v.01
to,O
music,music.n.01
in,O
room,room.n.01
letter,letter.n.01
is,O
view,position.n.03
from,O
summit,acme.n.01
is,O
very,very.r.01
nice,nice.a.01
fault,fault.n.01
'm,O
very,very.r.01
tired,tired.a.01
now,O
have,O
three,O
chickens,chicken.n.02
in,O
house,house.n.01
There,O
are,O
cats,cat.n.01
on,O
too,O
's,O
occupied,occupy.v.05
is,O
head,head.n.01
of,O
was,O
's,O
most,most.r.01
famous,famous.a.01
piece~of~music,O
continent,continent.n.01
is,O
world,world.n.04
's,O
largest,large.a.01
desert,desert.n.01
on,O
is,O
angry,angry.a.01
with,O
Somebody,person.n.01
called,call.v.01
police,police.n.01
said,say.v.01
was,O
n't,O
hungry,hungry.a.01
told,tell.v.02
something,entity.n.01
'd,O
never,O
anyone,person.n.01
enjoyed,enjoy.v.01
walked,walk.v.01
through,O
revolving~door,O
into,O
hotel,hotel.n.01
lobby,anteroom.n.01
In~other~words,O
's,O
lazy,lazy.a.02
Everybody,person.n.01
lies,lie.v.01
There,O
are,O
thirty,O
names,name.n.01
on,O
list,list.n.01
president,president.n.01
was,O
farmer,farmer.n.01
when,O
young,young.a.01
is,O
also,O
called,call.v.01
table~tennis,O
did,O
n't,O
bat,bat.n.05
eyelid,eyelid.n.01
handed,hand.v.01
salesclerk,salesclerk.n.01
money,money.n.01
was,O
's,O
wife,wife.n.01
cousin,cousin.n.01
is,O
junkie,drug_addict.n.01
saw,see.v.01
in,O
mirror,mirror.n.01
speakest,O
'm,O
relaxed,relaxed.a.01
Be,be.v.03
kind,entity.n.01
to,O
old,old.a.01
people,person.n.01
caught,catch.v.08
ball,ball.n.01
also,O
bought,buy.v.01
dozen,O
eggs,egg.n.02
bit,O
lip,lip.n.01
left,leave.v.01
for,O
yesterday,O
'll,O
be,O
back,back.n.01
at,O
is,O
kind,entity.n.01
to,O
did,O
n't,O
matter,matter.v.01
to,O
animal,animal.n.01
is,O
bigger,big.a.01
than,O
one,person.n.01
Is,O
n't,O
theirs,person.n.01
instantly,instantly.r.01
fell,fall.v.03
in~love,in_love.a.01
with,O
party,party.n.04
took,take.v.02
place,O
in,O
big,big.a.01
room,room.n.01
is,O
taller,tall.a.01
than,O
will,O
be,O
masterpiece,masterpiece.n.01
fined,fine.v.01
yen,yen.n.02
for,O
illegal,illegal.a.01
parking,parking.n.01
transaction,transaction.n.01
was,O
carried,carry_out.v.01
out,O
in,O
yen,yen.n.02
rather,rather.r.04
than,O
US~dollars,O
There,O
's,O
ton,short_ton.n.01
of,O
dust,dust.n.01
on,O
top,top.n.02
fan~blades,O
took,take.v.02
six,O
years,year.n.01
to,O
conquer,suppress.v.01
drink,drink.v.01
lot,O
of,O
lemonade,lemonade.n.01
lied,lie.v.05
to,O
again,O
will,O
be,O
absent,absent.a.01
today,O
because,O
has,O
cold,cold.n.01
already,O
told,tell.v.02
hundred,O
times,time.n.01
am,O
whistling,whistle.v.03
in,O
house,house.n.01
is,O
years,year.n.01
old,old.a.01
've,O
got,O
plenty,O
of,O
money,money.n.01
freed,free.v.01
hostages,hostage.n.01
tried,try.v.01
to,O
squeeze,squeeze.v.01
juice,juice.n.01
from,O
orange,orange.n.01
whispered,whisper.v.01
something,entity.n.01
in,O
ear,ear.n.01
's,O
not,O
breaking,break.v.06
law,law.n.01
bought,buy.v.01
three,O
kilograms,kilogram.n.01
of,O
apples,apple.n.01
comes,come.v.08
from,O
state,state.n.01
of,O
'm,O
still,O
crying,cry.v.02
'm,O
calm,calm.a.01
now,O
Millions,O
of,O
people,person.n.01
in,O
United~States,country.n.02
are,O
unemployed,unemployed.a.01
Let,O
sing,sing.v.01
patriotic,patriotic.a.01
air,air.n.01
mother,mother.n.01
bought,buy.v.01
two,O
bottles,bottle.n.02
of,O
orange~juice,orange_juice.n.01
was,O
chewing,chew.v.01
on,O
toothpick,toothpick.n.01
committee,committee.n.01
consists,consist.v.04
of,O
fifteen,O
people,person.n.01
Everybody,person.n.01
paid,pay.v.01
dropped,drop.v.01
off,O
at,O
station,station.n.01
Dogs,dog.n.01
bark,bark.n.01
began,begin.v.01
to,O
snore,snore.v.01
arrived,arrive.v.01
by,O
car,car.n.01
Something,entity.n.01
's,O
not,O
right,O
am,O
wiping,wipe.v.01
nose,nose.n.01
with,O
handkerchief,handkerchief.n.01
book,book.n.02
is,O
so,so.r.01
difficult,difficult.a.01
ca,O
n't,O
read,read.v.01
is,O
buddy,buddy.n.01
of,O
mine,O
was,O
unimpressed,unimpressed.a.01
parents,parent.n.01
are,O
aged,aged.a.03
pushed,push.v.01
off,O
cliff,cliff.n.01
is,O
three,O
years,year.n.01
older,old.a.01
than,O
wiggled,wiggle.v.01
nose,nose.n.01
hate,hate.v.01
karaoke,karaoke.n.01
're,O
in,O
aisle,O
two,O
's,O
popular,popular.a.01
with,O
women,woman.n.01
dress,dress.n.01
is,O
above,O
knee,knee.n.01
loves,love.v.01
too,O
'll,O
see,see.v.01
tomorrow,O
at,O
school,school.n.02
grabbed,grab.v.05
keys,key.n.01
and,O
put,put.v.01
into,O
pocket,pocket.n.01
rash,rash.n.01
broke,break_out.v.01
out,O
on,O
neck,neck.n.01
'm,O
glad,glad.a.01
asked,ask.v.01
beat,beat.v.01
yesterday,O
is,O
sitting,sit.v.01
on,O
bunk,bunk.n.01
suffers,suffer.v.02
from,O
osteoporosis,osteoporosis.n.01
attends,attend.v.01
school,school.n.02
at,O
night,night.n.07
There,O
are,O
books,book.n.02
on,O
desk,desk.n.01
blushed,blush.v.01
is,O
twenty,O
years,year.n.01
old,old.a.01
knows,know.v.01
beautiful,beautiful.a.01
ring,ring.n.08
got,O
expelled,expel.v.01
's,O
maxed,O
out,O
credit~cards,O
demonstrated,show.v.01
new,new.a.01
vacuum~cleaners,O
was,O
jealous,jealous.a.01
has,O
eleven,O
children,child.n.02
swan,swan.n.01
is,O
gliding,glide.v.01
toward,O
reeds,reed.n.01
is,O
located,located.a.01
in,O
rubbed,rub.v.01
feet,foot.n.02
had,O
hair,hair.n.01
cut,cut.v.01
was,O
elected,elect.v.01
governor,governor.n.01
of,O
in,O
Few,O
scientists,scientist.n.01
understand,understand.v.01
theory~of~relativity,theory_of_relativity.n.01
There,O
's,O
famous,famous.a.01
book,book.n.02
in,O
entire,entire.a.01
last,last.a.02
chapter,chapter.n.01
is,O
single,single.a.04
sentence,sentence.n.01
is,O
unafraid,unafraid.a.01
is,O
years,year.n.01
younger,young.a.01
than,O
but,O
times,time.n.01
richer,rich.a.01
was,O
born,bear.v.02
on,O
express,express.a.02
train,train.n.01
from,O
arrives,O
at,O
ten~o'clock,O
have,O
to,O
put,put.v.01
stamp,stamp.n.04
on,O
envelope,envelope.n.01
loves,love.v.01
squirrels,squirrel.n.01
waved,wave.v.01
goodbye,goodbye.n.01
ca,O
n't,O
call,call.v.03
anyone,person.n.01
right,O
now,O
was,O
ashamed,ashamed.a.01
and,O
apologised,apologize.v.02
for,O
mistakes,mistake.n.01
Tennis,tennis.n.01
is,O
preferred,preferable.s.01
sport,sport.n.01
wife,wife.n.01
's,O
constant,constant.a.03
nagging,O
is,O
getting,get.v.01
down,O
is,O
n't,O
scared,scared.a.01
anymore,O
love,love.v.01
is,O
extremely,extremely.r.02
romantic,romantic.a.02
Belgium,belgium.n.01
is,O
called,call.v.01
in,O
spent,spend.v.01
day,day.n.01
in,O
open~air,open_air.n.01
love,love.v.01
honey,honey.n.01
will,O
cost,cost.v.01
thirty,O
euros,euro.n.01
Do,O
eat,eat.v.01
bell~peppers,O
was,O
n't,O
busy,busy.a.01
met,meet.v.01
in,O
by,O
chance,chance.n.01
farmer,farmer.n.01
owns,own.v.01
horses,horse.n.01
instead,O
of,O
tractor,tractor.n.01
material,material.n.01
absorbs,absorb.v.01
built,build.v.01
fence,fence.n.01
around,O
house,house.n.01
is,O
also,O
called,call.v.01
table~tennis,O
There,O
is,O
milk,milk.n.01
in,O
fridge,fridge.n.01
used,O
to,O
play,play.v.01
in,O
park,park.n.02
started,start.v.02
sweating,sweat.v.01
