Token,Labels gold,Labels baseline,Matches
Token,Predict,Predict,1
man,O,man.n.01,0
is,O,O,1
opening,open.v.01,open.v.01,1
soda,soda.n.02,sodium_carbonate.n.01,0
and,O,O,1
drinking,drink.v.01,drink.v.01,1
piano,piano.n.01,piano.n.01,1
is,O,O,1
being,O,O,1
played,play.v.07,play.v.01,0
by,O,O,1
someone,person.n.01,person.n.01,1
woman,woman.n.01,woman.n.01,1
is,O,O,1
riding,ride.v.02,ride.v.01,0
water~scooter,water_scooter.n.01,O,0
Men,man.n.01,man.n.01,1
are,O,O,1
sawing,saw.v.01,saw.v.01,1
logs,log.n.01,log.n.01,1
Potatoes,potato.n.01,potato.n.01,1
are,O,O,1
being,O,O,1
sliced,slice.v.03,slice.v.03,1
by,O,O,1
woman,woman.n.01,woman.n.01,1
is,O,O,1
not,O,O,1
as,O,O,1
punctual,punctual.a.01,punctual.a.01,1
little~sister,little_sister.n.01,little_sister.n.01,1
Egyptian,country.n.02,country.n.02,1
government,government.n.01,government.n.01,1
on,O,O,1
dismissed,dismiss.v.01,dismiss.v.01,1
speculation,speculation.n.01,guess.n.01,0
group,group.n.01,group.n.01,1
of,O,O,1
missing,missing.a.01,miss.v.06,0
had,O,O,1
helped,help.v.01,help.v.01,1
in,O,O,1
bombings,bombing.n.01,bombing.n.01,1
is,O,O,1
meters,meter.n.01,meter.n.01,1
high,high.a.01,high.a.02,0
movie,movie.n.01,movie.n.01,1
starts,start.v.01,start.v.02,0
at,O,O,1
ten~o'clock,O,O,1
books,book.n.01,book.n.02,0
are,O,O,1
easier,easy.a.01,easy.a.01,1
than,O,O,1
How,O,O,1
wide,wide.a.01,wide.a.01,1
is,O,O,1
river,river.n.01,river.n.01,1
bought,buy.v.02,buy.v.01,0
dress,O,dress.n.01,0
at,O,O,1
low,low.a.01,low.a.01,1
price,price.n.01,price.n.02,0
stayed,stay.v.02,stay.v.02,1
at,O,O,1
home,home.n.01,home.n.01,1
because,O,O,1
was,O,O,1
sick,sick.a.01,sick.a.01,1
was,O,O,1
too,too.r.01,O,0
proud,proud.a.01,proud.a.01,1
to,O,O,1
ask,ask.v.02,ask.v.01,0
for,O,O,1
help,help.n.01,help.v.01,0
complained,complain.v.01,complain.v.01,1
about,O,O,1
noise,noise.n.01,noise.n.01,1
say,say.v.01,say.v.01,1
is,O,O,1
seriously,seriously.r.02,seriously.r.01,0
ill,ill.a.01,ill.a.01,1
is,O,O,1
very,very.r.01,very.r.01,1
intelligent,intelligent.a.01,intelligent.a.01,1
snows,snow.v.01,snow.v.01,1
Do,O,O,1
like,like.v.02,like.v.02,1
music,music.n.01,music.n.01,1
How,O,O,1
much,O,O,1
are,be.v.13,O,0
pants,pants.n.03,pants.n.03,1
concert,concert.n.01,concert.n.01,1
was,O,O,1
very,very.r.01,very.r.01,1
good,good.a.01,good.a.01,1
closed,close.v.01,closed.a.01,0
door,door.n.01,door.n.01,1
owns,own.v.01,own.v.01,1
two,O,O,1
houses,house.n.01,house.n.01,1
and,O,O,1
boat,boat.n.01,boat.n.01,1
din,O,boom.v.01,0
nae,O,O,1
ken,know.v.01,know.v.04,0
was,O,O,1
bewitched,bewitch.v.01,bewitch.v.03,0
by,O,O,1
smile,smile.n.01,smile.n.01,1
little~sister,little_sister.n.01,little_sister.n.01,1
goes,go_to.v.01,go.v.01,0
to,O,O,1
nursery~school,nursery_school.n.01,O,0
brother,O,brother.n.01,0
wants,want.v.01,want.v.01,1
to,O,O,1
kill,kill.v.01,kill.v.01,1
hates,hate.v.01,hate.v.01,1
everybody,person.n.01,person.n.01,1
book,book.n.02,book.n.02,1
is,be.v.03,O,0
on,O,O,1
table,table.n.02,table.n.02,1
has,have_on.v.01,O,0
hat,hat.n.01,hat.n.01,1
on,O,O,1
final,final.a.02,final.a.01,0
score,score.n.03,score.n.03,1
was,be.v.06,O,0
composed,compose.v.02,compose.v.02,1
How,O,O,1
old,old.a.01,old.a.01,1
is,O,O,1
Deng~Xiaoping,male.n.02,O,0
wrote,write.v.01,write.v.01,1
is,be.v.08,O,0
was,O,O,1
kissed,kiss.v.01,kiss.v.01,1
by,O,O,1
Two,O,O,1
doctors,doctor.n.01,doctor.n.01,1
were,O,O,1
talking~shop,talk_shop.v.01,O,0
trip,trip.n.01,trip.n.01,1
was,O,O,1
canceled,cancel.v.01,cancel.v.01,1
because,O,O,1
of,O,O,1
terrible,terrible.a.03,terrible.a.01,0
storm,storm.n.01,storm.n.01,1
read,read.v.01,read.v.01,1
letter,letter.n.01,letter.n.01,1
again~and~again,O,O,1
've,O,O,1
never,time.n.08,O,0
been,be.v.03,O,0
to,O,O,1
is,O,O,1
studying,study.v.05,study.v.05,1
in,O,O,1
library,library.n.03,library.n.03,1
now,O,O,1
saw,see.v.01,see.v.01,1
flying~saucer,flying_saucer.n.01,O,0
broken,broken.a.01,broken.a.01,1
window,window.n.01,window.n.01,1
was,O,O,1
boarded,board_up.v.01,board.v.01,0
up,O,O,1
embraces,embrace.v.02,embrace.v.01,0
How,O,O,1
many,O,O,1
films,film.n.01,movie.n.01,0
did,O,O,1
watch,watch.v.01,watch.n.01,0
yesterday,day.n.03,O,0
hype,hype.n.01,ballyhoo.n.01,0
began,begin.v.01,begin.v.01,1
to,O,O,1
learn,learn.v.01,learn.v.01,1
likes,like.v.02,like.v.02,1
vanilla~ice~cream,vanilla_ice_cream.n.01,vanilla_ice_cream.n.01,1
How,O,O,1
many,O,O,1
oranges,orange.n.01,orange.n.01,1
did,O,O,1
buy,buy.v.01,buy.v.01,1
captured,capture.v.03,capture.v.03,1
thief,thief.n.01,thief.n.01,1
book,book.n.02,book.n.02,1
belongs,belong.v.01,belong.v.01,1
to,O,O,1
school,school.n.01,school.n.02,0
library,library.n.02,library.n.03,0
'm,O,O,1
thirty,O,O,1
years,year.n.01,year.n.01,1
old,old.a.01,old.a.01,1
stone,stone.n.01,stone.n.01,1
was,O,O,1
so,O,so.r.01,0
heavy,heavy.a.01,heavy.a.01,1
could,O,O,1
not,O,O,1
lift,lift.v.01,lift.v.01,1
drunken,drunken.a.01,bibulous.s.01,0
man,man.n.01,man.n.01,1
could,O,O,1
n't,O,O,1
walk,walk.v.01,walk.v.01,1
straight,straight.r.03,straight.a.08,0
is,O,O,1
clever,clever.a.02,clever.a.02,1
envied,envy.v.01,envy.v.01,1
success,success.n.03,success.n.02,0
government,government.n.01,government.n.01,1
imposed,impose.v.03,impose.v.03,1
new,new.a.01,new.a.01,1
tax,tax.n.01,tax.n.01,1
on,O,O,1
farmers,farmer.n.01,farmer.n.01,1
'll,O,O,1
be,be.v.03,O,0
in,O,O,1
lab,lab.n.01,lab.n.01,1
lion,lion.n.01,lion.n.01,1
roars,roar.n.02,boom.n.01,0
writes,write.v.01,write.v.01,1
about,O,O,1
stopped,stop.v.02,stop.v.02,1
digging,dig.v.01,dig.v.02,0
fire,fire.n.01,fire.n.01,1
broke,break_out.v.01,break_out.v.01,1
out,O,O,1
in,O,O,1
middle,middle.n.01,middle.n.01,1
of,O,O,1
city,city.n.01,city.n.01,1
football,football.n.02,football.n.01,0
is,O,O,1
made,make.v.06,make.v.06,1
of,O,O,1
genuine,genuine.a.01,genuine.a.01,1
leather,leather.n.01,leather.n.01,1
's,O,O,1
top~secret,top-secret.a.01,top-secret.a.01,1
Have,O,O,1
googled,google.v.01,google.v.01,1
taught,teach.v.01,teach.v.01,1
at,O,O,1
never,O,O,1
told,tell.v.02,tell.v.02,1
last~name,last_name.n.01,last_name.n.01,1
uncorked,uncork.v.02,uncork.v.01,0
bottle,bottle.n.01,bottle.n.01,1
reek,reek.v.02,smack.v.02,0
of,O,O,1
alcohol,alcohol.n.01,alcohol.n.01,1
am,O,O,1
bit,O,O,1
drunk,drunk.a.01,drunk.a.01,1
had,O,O,1
pen,pen.n.01,pen.n.01,1
stolen,steal.v.01,steal.v.01,1
regret,regret.v.01,regret.v.01,1
nothing,entity.n.01,entity.n.01,1
speech,speech.n.01,speech.n.01,1
lacked,lack.v.01,lack.v.01,1
consistency,consistency.n.03,consistency.n.01,0
were,O,O,1
waiting,wait.v.01,wait.v.01,1
for,O,O,1
boat,boat.n.01,boat.n.01,1
many,O,O,1
hours,hour.n.01,hour.n.01,1
piled,pile.v.01,pile_up.v.01,0
wood,wood.n.01,wood.n.01,1
in,O,O,1
backyard,backyard.n.01,backyard.n.01,1
's,be.v.02,O,0
favorite,favorite.a.02,favorite.a.02,1
hotel,hotel.n.01,hotel.n.01,1
in,O,O,1
crossed,cross.v.01,cross.v.01,1
street,street.n.02,street.n.01,0
lot,O,O,1
of,O,O,1
people,person.n.01,person.n.01,1
were,O,O,1
waiting,wait.v.01,wait.v.01,1
for,O,O,1
has,O,O,1
n't,O,O,1
shared,share.v.02,share.v.01,0
public,public.a.01,public.n.01,0
photos,photo.n.01,photo.n.01,1
yet,O,O,1
is,O,O,1
allergic,allergic.a.02,allergic.a.02,1
to,O,O,1
milk,milk.n.01,milk.n.01,1
In,O,O,1
book,book.n.01,book.n.02,0
lots,O,O,1
of,O,O,1
coincidences,coincidence.n.01,coincidence.n.01,1
happen,happen.v.01,happen.v.02,0
counted,count.v.01,count.v.01,1
flowers,flower.n.01,flower.n.01,1
in,O,O,1
garden,garden.n.01,garden.n.01,1
test,test.n.01,test.n.02,0
cleared,clear.v.18,clear.v.01,0
of,O,O,1
charges,charge.n.02,charge.n.01,0
brother,brother.n.01,brother.n.01,1
is,O,O,1
good,good.a.01,good.a.01,1
at,O,O,1
playing,play.v.01,play.v.01,1
tennis,tennis.n.01,tennis.n.01,1
was,O,O,1
approached,approach.v.05,approach.v.01,0
by,O,O,1
uncorked,uncork.v.02,uncork.v.01,0
bottle,bottle.n.01,bottle.n.01,1
with,O,O,1
teeth,tooth.n.01,tooth.n.01,1
chickened,chicken_out.v.01,O,0
out,O,O,1
Anybody,person.n.01,person.n.01,1
wants,want.v.01,want.v.01,1
book,book.n.02,book.n.02,1
can,O,O,1
be,O,O,1
given,give.v.03,give_out.v.02,0
's,O,O,1
older,old.a.01,old.a.01,1
than,O,O,1
father,father.n.01,father.n.01,1
bought,buy.v.01,buy.v.01,1
dictionary,dictionary.n.01,dictionary.n.01,1
too,O,O,1
ran,run.v.06,run_away.v.01,0
from,O,O,1
wound,wound.n.01,wound.n.01,1
asked,ask.v.02,ask.v.01,0
to,O,O,1
open,open.v.01,open.a.01,0
window,window.n.01,window.n.01,1
live,live.v.01,live.v.01,1
near,O,O,1
dam,dam.n.01,dam.n.01,1
had,O,O,1
head,head.n.01,head.n.01,1
cut,cut_off.v.03,cut.v.01,0
off,O,O,1
cyclists,cyclist.n.01,cyclist.n.01,1
are,O,O,1
wearing,wear.v.01,wear.v.01,1
cyclist,cyclist.n.01,cyclist.n.01,1
shorts,shorts.n.01,shorts.n.01,1
made,make.v.06,make.v.06,1
of,O,O,1
spandex,spandex.n.01,spandex.n.01,1
was,O,O,1
years,year.n.01,year.n.01,1
old,old.a.01,old.a.01,1
heater,heater.n.01,heater.n.01,1
does,O,O,1
n't,O,O,1
work,work.v.04,work.v.02,0
have,have.v.07,O,0
few,O,O,1
friends,friend.n.01,friend.n.01,1
'm,O,O,1
reading,read.v.01,read.v.01,1
book,book.n.01,book.n.02,0
majored,major.v.01,major.v.01,1
in,O,O,1
college,college.n.02,college.n.02,1
threw,throw.v.01,throw.v.01,1
in,O,O,1
river,river.n.01,river.n.01,1
smokes,smoke.v.01,smoke.n.01,0
dyed,dye.v.01,dye.v.01,1
hair,hair.n.01,hair.n.01,1
blue,blue.a.01,blue.a.01,1
officials,official.n.01,official.n.01,1
do,O,O,1
n't,O,O,1
understand,understand.v.01,understand.v.01,1
finance,finance.n.02,finance.n.01,0
at~all,O,O,1
're,O,O,1
heading,head.v.01,head.v.01,1
home,home.n.01,home.n.01,1
do,O,O,1
n't,O,O,1
want,want.v.01,want.v.01,1
to,O,O,1
argue,argue.v.02,argue.v.01,0
with,O,O,1
's,O,O,1
always,O,O,1
gossiping,gossip.v.01,gossiping.n.01,0
wants,want.v.01,want.v.01,1
to,O,O,1
walk,walk.v.01,walk.v.01,1
'm,O,O,1
watching,watch.v.03,watch.v.03,1
movie,movie.n.01,movie.n.01,1
In~other~words,O,O,1
's,O,O,1
dumb,dumb.a.01,dense.s.04,0
of,O,O,1
friends,friend.n.01,friend.n.01,1
like,like.v.02,like.v.02,1
computer~games,computer_game.n.01,O,0
was,O,O,1
stung,sting.v.02,sting.v.02,1
by,O,O,1
bee,bee.n.01,bee.n.01,1
waved,wave.v.01,wave.v.01,1
at,O,O,1
from,O,O,1
helicopter,helicopter.n.01,helicopter.n.01,1
made,make.v.16,make.v.06,0
speech,speech.n.01,speech.n.01,1
in,O,O,1
support,support.n.03,support.v.02,0
of,O,O,1
plan,plan.n.01,plan.n.01,1
was,O,O,1
poor,poor.a.02,poor.a.04,0
and,O,O,1
lived,live.v.01,live.v.01,1
in,O,O,1
cabin,cabin.n.02,cabin.n.01,0
Emily,female.n.02,female.n.02,1
will,O,O,1
surprise,surprise.v.01,surprise.v.01,1
hates,hate.v.01,hate.v.01,1
has,have.v.04,O,0
new,new.a.01,new.a.01,1
car,car.n.01,car.n.01,1
and,O,O,1
old,old.a.02,old.a.01,0
car,car.n.01,car.n.01,1
banged,bang.v.01,bang.v.01,1
against,O,O,1
tree,tree.n.01,tree.n.01,1
is,O,O,1
called,call.v.01,call.v.01,1
in,O,O,1
told,tell.v.02,tell.v.02,1
'd,O,O,1
lost,lose.v.05,lose.v.02,0
watch,watch.n.01,watch.n.01,1
For,O,O,1
years,year.n.01,year.n.01,1
suffered,suffer.v.02,suffer.v.02,1
from,O,O,1
migraine,migraine.n.01,O,0
headaches,headache.n.02,concern.n.04,0
Get,get.v.06,get.v.01,0
number,number.n.04,number.n.04,1
of,O,O,1
young,young.a.01,young.a.01,1
girl,girl.n.01,girl.n.01,1
friend,friend.n.01,friend.n.01,1
's,be.v.03,O,0
in,O,O,1
other,O,O,1
room,room.n.01,room.n.01,1
's,O,O,1
been,be.v.03,O,0
in,O,O,1
hospital,hospital.n.01,hospital.n.01,1
for,O,O,1
month,month.n.02,month.n.02,1
was,O,O,1
accepted,accept.v.05,accept.v.02,0
by,O,O,1
baked,bake.v.02,bake.v.02,1
three~dozen,O,O,1
cookies,cookie.n.01,cookie.n.01,1
was,O,O,1
very,very.r.01,very.r.01,1
tired,tired.a.01,tired.a.01,1
today,O,O,1
watch,watch.n.01,watch.n.01,1
is,O,O,1
waterproof,waterproof.a.01,waterproof.a.01,1
Long,long.a.02,long.a.02,1
skirts,skirt.n.01,skirt.n.01,1
are,O,O,1
out~of~fashion,unfashionable.a.01,unfashionable.a.01,1
now,O,O,1
There,O,O,1
was,be.v.03,O,0
beautiful,beautiful.a.01,beautiful.a.01,1
woman,woman.n.01,woman.n.01,1
with,O,O,1
black,black.a.01,black.a.01,1
hair,hair.n.01,hair.n.01,1
in,O,O,1
park,park.n.02,park.n.02,1
How,O,O,1
much,O,O,1
do,O,O,1
carrots,carrot.n.01,carrot.n.01,1
cost,cost.v.01,cost.v.01,1
failed,fail.v.01,fail.v.01,1
to,O,O,1
catch,catch.v.09,catch.v.19,0
train,train.n.01,train.n.01,1
swarm,swarm.n.02,swarm.n.02,1
of,O,O,1
hornets,hornet.n.01,hornet.n.01,1
attacked,attack.v.04,attack.v.04,1
children,child.n.01,child.n.02,0
guess,guess.v.03,guess.v.01,0
is,O,O,1
was,O,O,1
robbed,rob.v.01,rob.v.01,1
of,O,O,1
money,money.n.01,money.n.01,1
on,O,O,1
way,way.n.03,O,0
home,home.n.01,home.n.01,1
sad,sad.a.02,sad.a.01,0
story,story.n.01,story.n.01,1
visited,visit.v.07,visit.v.02,0
in,O,O,1
three,O,O,1
years,year.n.01,year.n.01,1
ago,O,O,1
've,O,O,1
gained,gain.v.09,gain.v.09,1
three,O,O,1
kilograms,kilogram.n.01,kilogram.n.01,1
and,O,O,1
are,O,O,1
playing,play.v.01,play.v.01,1
poker,poker.n.02,poker.n.01,0
flew,fly.v.01,fly.v.01,1
from,O,O,1
to,O,O,1
All,O,O,1
seats,seat.n.01,seat.n.07,0
are,O,O,1
booked,booked.a.01,book.v.01,0
know,know.v.01,know.v.01,1
's,O,O,1
still,O,O,1
in~love,in_love.a.01,in_love.a.01,1
with,O,O,1
little~sister,little_sister.n.01,little_sister.n.01,1
looks,look_like.v.01,look_like.v.01,1
like,O,like.v.02,0
mum,mum.n.02,mum.n.02,1
All,O,O,1
apple~trees,apple_tree.n.01,apple_tree.n.01,1
were,O,O,1
cut,cut_down.v.06,cut.v.01,0
down,O,O,1
galloping,gallop.v.02,gallop.v.01,0
inflation,inflation.n.01,inflation.n.01,1
has,O,O,1
been,O,O,1
lasting,last.v.01,last.v.01,1
for,O,O,1
three,O,O,1
years,year.n.01,year.n.01,1
now,O,O,1
People,person.n.01,person.n.01,1
are,O,O,1
frustrated,frustrated.a.01,thwart.v.01,0
and,O,O,1
angry,angry.a.01,angry.a.01,1
How,O,O,1
many,O,O,1
letters,letter.n.02,letter.n.01,0
does,O,O,1
Russian,country.n.02,country.n.02,1
alphabet,alphabet.n.01,alphabet.n.01,1
have,have.v.02,O,0
's,O,O,1
totally,totally.r.01,totally.r.01,1
wrong,wrong.a.01,wrong.a.01,1
toy,toy.n.01,toy.n.01,1
was,O,O,1
broken,break.v.02,broken.a.01,0
by,O,O,1
little~sister,little_sister.n.01,little_sister.n.01,1
have,have.v.02,O,0
funny,funny.a.01,funny.a.01,1
laugh,laugh.n.01,laugh.v.01,0
Let,O,O,1
not,O,O,1
play,play.v.01,play.v.01,1
tennis,tennis.n.01,tennis.n.01,1
There,O,O,1
are,be.v.03,O,0
many,O,O,1
red,red.a.01,red.a.01,1
flowers,flower.n.01,flower.n.01,1
in,O,O,1
garden,garden.n.01,garden.n.01,1
long,long.a.02,long.a.02,1
bridge,bridge.n.01,bridge.n.01,1
is,be.v.01,O,0
was,O,O,1
worn,worn_out.a.01,wear.v.01,0
out,O,O,1
and,O,O,1
leaned,lean.v.01,lean.v.01,1
against,O,O,1
apple~tree,apple_tree.n.01,apple_tree.n.01,1
scaled,scale.v.04,scale.v.01,0
three,O,O,1
times,time.n.01,time.n.01,1
drove,drive.v.03,drive.v.02,0
home,home.n.01,home.n.01,1
in,O,O,1
sports~car,sports_car.n.01,sports_car.n.01,1
is,be.v.02,O,0
friend,O,friend.n.01,0
of,O,O,1
mine,O,O,1
boy,boy.n.01,boy.n.01,1
speaking,speak.v.03,speak.v.02,0
is,O,O,1
taller,tall.a.01,tall.a.01,1
than,O,O,1
want,want.v.01,want.v.01,1
to,O,O,1
kill,kill.v.01,kill.v.01,1
somebody,person.n.01,person.n.01,1
squirrel,squirrel.n.01,squirrel.n.01,1
hid,hide.v.02,hide.v.02,1
among,O,O,1
branches,branch.n.02,branch.n.02,1
There,O,O,1
are,be.v.03,O,0
always,O,O,1
lot,O,O,1
of,O,O,1
vehicles,vehicle.n.01,vehicle.n.01,1
on,O,O,1
road,road.n.01,road.n.01,1
sharpened,sharpen.v.01,sharpen.v.01,1
knives,knife.n.01,knife.n.01,1
nose,nose.n.01,nose.n.01,1
itches,itch.v.03,itch.v.03,1
houses,house.n.01,house.n.01,1
are,O,O,1
years,year.n.01,year.n.01,1
old,old.a.02,old.a.01,0
walked,walk.v.01,walk.v.01,1
about,O,O,1
mile,mile.n.01,mile.n.01,1
pulled,pull.v.08,pull.v.15,0
muscle,muscle.n.01,muscle.n.01,1
'll,O,O,1
give,give.v.03,give.v.03,1
book,book.n.02,book.n.02,1
father,father.n.01,father.n.01,1
complained,complain.v.01,complain.v.01,1
about,O,O,1
traffic,traffic.n.01,traffic.n.01,1
noise,noise.n.01,noise.n.01,1
weighs,weigh.v.01,weigh.v.01,1
pounds,pound.n.01,pound.n.01,1
school,school.n.01,school.n.02,0
expelled,expel.v.01,expel.v.01,1
Let,O,O,1
's,O,O,1
speak,speak.v.02,speak.v.03,0
about,O,O,1
Do,O,O,1
tigers,tiger.n.02,tiger.n.02,1
purr,purr.v.02,whizz.v.01,0
've,O,O,1
never,O,O,1
excelled,excel.v.01,excel.v.01,1
at,O,O,1
chess,chess.n.02,chess.n.02,1
drank,drink.v.01,drink.v.01,1
three,O,O,1
bottles,bottle.n.02,bottle.n.02,1
of,O,O,1
beer,beer.n.01,beer.n.01,1
married,marry.v.01,marry.v.01,1
rich,rich.a.01,rich.a.01,1
girl,girl.n.01,girl.n.01,1
from,O,O,1
've,O,O,1
been,O,O,1
married,married.a.01,marry.v.01,0
for,O,O,1
three,O,O,1
years,year.n.01,year.n.01,1
got,get_up.v.02,O,0
up,O,O,1
minute,minute.n.01,minute.n.01,1
ago,O,O,1
Put,put.v.01,put.v.01,1
scarf,scarf.n.01,scarf.n.01,1
around,O,O,1
neck,neck.n.01,neck.n.01,1
'm,be.v.01,O,0
not,O,O,1
vegetarian,vegetarian.n.01,vegetarian.n.01,1
None,entity.n.01,entity.n.01,1
of,O,O,1
books,book.n.01,book.n.02,0
are,O,O,1
useful,useful.a.01,useful.a.01,1
was,O,O,1
arrested,arrest.v.01,arrest.v.01,1
because,O,O,1
stole,steal.v.01,steal.v.01,1
money,money.n.01,money.n.01,1
swam,swim.v.01,swim.v.01,1
in,O,O,1
sea,sea.n.01,sea.n.01,1
comic~books,comic_book.n.01,comic_book.n.01,1
were,O,O,1
piled,pile.v.01,pile_up.v.01,0
on,O,O,1
desk,desk.n.01,desk.n.01,1
was,O,O,1
born,bear.v.02,bear.v.02,1
in,O,O,1
think,think.v.01,think.v.01,1
is,O,O,1
nasty,nasty.a.01,nasty.a.01,1
took,take.v.02,take.v.02,1
doctor,doctor.n.01,doctor.n.01,1
eight,O,O,1
hours,hour.n.01,hour.n.01,1
to,O,O,1
do,do.v.02,O,0
operation,operation.n.06,operation.n.03,0
never,O,O,1
saw,see.v.01,see.v.01,1
giraffe,giraffe.n.01,giraffe.n.01,1
always,O,O,1
listens,listen.v.01,listen.v.01,1
to,O,O,1
serious,serious.a.04,serious.a.03,0
music,music.n.01,music.n.01,1
chose,choose.v.01,choose.v.01,1
nice,nice.a.01,nice.a.01,1
tie,tie.n.01,tie.n.01,1
said,say.v.01,say.v.01,1
did,O,O,1
n't,O,O,1
matter,matter.v.01,matter.v.01,1
bought,buy.v.01,buy.v.01,1
lipstick,lipstick.n.01,lipstick.n.01,1
for,O,O,1
Where,location.n.01,location.n.01,1
is,O,O,1
journey,journey.n.01,journey.n.01,1
taking,take.v.27,take.v.18,0
cottage,cottage.n.01,bungalow.n.01,0
reminds,remind.v.01,remind.v.01,1
of,O,O,1
one,cottage.n.01,person.n.01,0
was,O,O,1
born,bear.v.02,bear.v.02,1
in,O,O,1
vending~machine,vending_machine.n.01,O,0
is,O,O,1
n't,O,O,1
working,work.v.04,work.v.02,0
'm,O,O,1
not,O,O,1
proud,proud.a.01,proud.a.01,1
of,O,O,1
behaviour,behaviour.n.02,behaviour.n.02,1
people,person.n.01,person.n.01,1
do,O,O,1
n't,O,O,1
wear,wear.v.01,wear.v.01,1
pajamas,pajama.n.02,pajama.n.01,0
did,O,O,1
n't,O,O,1
offer,offer.v.04,offer.n.02,0
explanation,explanation.n.01,explanation.n.01,1
have,have.v.01,O,0
new,new.a.05,new.a.01,0
email,email.n.01,email.n.01,1
address,address.n.01,address.n.02,0
's,O,O,1
popular,popular.a.01,popular.a.01,1
among,O,O,1
elderly,elderly.n.01,elderly.n.01,1
is,be.v.08,O,0
linguist,linguist.n.01,linguist.n.01,1
speaks,speak.v.03,speak.v.03,1
English,english.n.01,english.n.01,1
fluently,fluently.r.01,fluently.r.01,1
talking,talk.v.01,talk.v.01,1
to,O,O,1
yourself,O,O,1
again,O,O,1
Not,O,O,1
everyone,person.n.01,person.n.01,1
in,O,O,1
likes,like.v.03,like.v.02,0
dog,dog.n.01,dog.n.01,1
is,O,O,1
chasing,chase.v.01,chase.v.01,1
ball,ball.n.06,ball.n.01,0
hole,hole.n.02,hole.n.01,0
is,O,O,1
being,O,O,1
burrowed,burrow.v.01,burrow.v.01,1
by,O,O,1
badger,badger.n.02,badger.n.02,1
grandmother,grandmother.n.01,grandmother.n.01,1
is,O,O,1
already,O,O,1
more~than,O,O,1
ninety,O,ninety.n.01,0
years,year.n.01,year.n.01,1
old,old.a.01,old.a.01,1
bought,buy.v.01,buy.v.01,1
album,album.n.01,album.n.01,1
belongs,belong.v.05,belong.v.01,0
to,O,O,1
worked,work.v.02,work.v.02,1
for,O,O,1
Italian,country.n.02,country.n.02,1
director,director.n.04,director.n.04,1
is,O,O,1
awarded,award.v.01,award.v.01,1
honorary,honorary.a.01,honorary.s.01,0
Oscar,oscar.n.01,academy_award.n.01,0
'm,O,O,1
very,very.r.01,very.r.01,1
sensitive,sensitive.a.01,sensitive.a.01,1
to,O,O,1
cold,cold.n.02,cold.n.01,0
have,have.v.01,O,0
blanket,blanket.n.01,blanket.n.01,1
killed,kill.v.01,kill.v.01,1
mother,mother.n.01,mother.n.01,1
Someone,person.n.01,person.n.01,1
stole,steal.v.01,steal.v.01,1
passport,passport.n.02,passport.n.02,1
union,union.n.07,union.n.01,0
of,O,O,1
and,O,O,1
took,take_place.v.01,take.v.02,0
place,O,O,1
in,O,O,1
clouds,cloud.n.02,cloud.n.02,1
look,look_like.v.01,look_for.v.01,0
like,O,like.v.02,0
flock,flock.n.03,flock.n.01,0
of,O,O,1
white,white.a.01,white.a.01,1
sheep,sheep.n.01,sheep.n.01,1
assure,assure.v.01,guarantee.v.02,0
error,error.n.01,error.n.01,1
like,O,like.v.02,0
will,O,O,1
never,O,O,1
happen,happen.v.02,happen.v.02,1
again,O,O,1
There,O,O,1
are,be.v.03,O,0
lots,O,O,1
of,O,O,1
animals,animal.n.01,animal.n.01,1
in,O,O,1
park,park.n.02,park.n.02,1
head,head.n.01,head.n.01,1
aches,ache.v.03,ache.v.03,1
come,come.v.02,come.v.02,1
from,O,O,1
south,south.n.04,south.n.04,1
of,O,O,1
was,be.v.13,O,0
less~than,O,O,1
fifteen,O,O,1
dollars,dollar.n.01,dollar.n.01,1
student,student.n.01,student.n.01,1
is,O,O,1
American,country.n.02,country.n.02,1
mother,mother.n.01,mother.n.01,1
was,O,O,1
exhausted,exhausted.a.01,exhausted.a.01,1
dentist,dentist.n.01,dentist.n.01,1
put,put_in.v.01,put.v.01,0
in,O,O,1
temporary,temporary.a.01,impermanent.a.01,0
filling,filling.n.05,fill.v.01,0
is,O,O,1
n't,O,O,1
alone,alone.a.02,entirely.r.02,0
anymore,O,O,1
dropped,drop_out.v.03,drop.v.01,0
out,O,O,1
of,O,O,1
school,school.n.01,school.n.02,0
shaved,shave.v.01,shave.v.01,1
mustache,mustache.n.01,mustache.n.01,1
off,O,O,1
fianc√©,fiance.n.01,O,0
gave,give.v.08,give.v.03,0
very,very.r.01,very.r.01,1
big,big.a.01,big.a.01,1
ring,ring.n.08,ring.n.08,1
cat,cat.n.01,cat.n.01,1
has,have.v.02,O,0
two,O,O,1
ears,ear.n.01,ear.n.01,1
's,be.v.08,O,0
's,O,O,1
shoes,shoe.n.01,shoe.n.01,1
are,O,O,1
dirty,dirty.a.01,dirty.a.01,1
had,have.v.16,O,0
cold,cold.n.01,cold.n.01,1
but,O,O,1
went,go.v.01,go.v.01,1
to,O,O,1
work,work.n.06,work.v.02,0
is,O,O,1
so,so.r.01,so.r.01,1
depressing,depressing.a.01,depressing.a.01,1
blood,blood.n.01,blood.n.01,1
is,O,O,1
red,red.a.01,red.a.01,1
sha',O,O,1
n't,O,O,1
know,know.v.01,know.v.01,1
sends,send.v.03,send.v.01,0
thanked,thank.v.01,thank.v.01,1
and,O,O,1
stuck,stick.v.01,stick.v.01,1
rose,rose.n.01,rise.v.01,0
in,O,O,1
button-hole,button_hole.n.01,O,0
supports,support.v.05,support.v.01,0
suspicion,suspicion.n.01,intuition.n.02,0
bank,bank.n.02,bank.n.02,1
employee,employee.n.01,employee.n.01,1
was,O,O,1
involved,involve.v.02,involve.v.02,1
in,O,O,1
crime,crime.n.01,crime.n.01,1
sea,sea.n.01,sea.n.01,1
is,be.v.03,O,0
near,O,O,1
How,manner.n.01,O,0
did,O,O,1
die,die.v.01,die.v.01,1
How,O,O,1
many,O,O,1
people,person.n.01,person.n.01,1
visited,visit.v.01,visit.v.02,0
in,O,O,1
're,O,O,1
being,O,O,1
contentious,contentious.a.01,contentious.s.01,0
is,O,O,1
n't,O,O,1
safe,safe.a.01,safe.a.01,1
Many,O,O,1
restaurants,restaurant.n.01,restaurant.n.01,1
now,O,O,1
have,have.v.02,O,0
free,free.a.03,free.a.04,0
dogs,dog.n.01,dog.n.01,1
started,start.v.01,start.v.02,0
barking,bark.v.04,bark.v.04,1
at,O,O,1
pretty,pretty.a.01,pretty.a.01,1
robin,robin.n.01,robin.n.01,1
landed,land.v.01,land.v.02,0
on,O,O,1
room,room.n.01,room.n.01,1
's,O,O,1
windowsill,windowsill.n.01,windowsill.n.01,1
called,call.v.03,call.v.01,0
at,O,O,1
eleven,O,O,1
designed,design.v.02,design.v.03,0
building,building.n.01,building.n.01,1
does,O,O,1
n't,O,O,1
speak,speak.v.02,speak.v.03,0
to,O,O,1
is,O,O,1
puzzled,puzzled.a.01,puzzle.v.01,0
is,O,O,1
bustling,bustle_about.v.01,bustle.v.01,0
about,O,O,1
in,O,O,1
kitchen,kitchen.n.01,kitchen.n.01,1
a~hundred,O,O,1
homes,home.n.01,home.n.02,0
have,O,O,1
been,O,O,1
damaged,damage.v.01,damage.v.01,1
by,O,O,1
flood,flood.n.01,flood.n.01,1
's,O,O,1
right,right.a.01,O,0
eye,eye.n.01,eye.n.01,1
is,O,O,1
twitching,twitch.v.01,twitch.v.01,1
again,O,O,1
How,O,O,1
many,O,O,1
kilograms,kilogram.n.01,kilogram.n.01,1
do,O,O,1
weigh,weigh.v.01,weigh.v.01,1
's,O,O,1
futile,futile.a.01,futile.s.01,0
lovely,lovely.a.01,lovely.a.01,1
puppies,puppy.n.01,puppy.n.01,1
are,be.v.01,O,0
house,house.n.01,house.n.01,1
is,be.v.03,O,0
on,O,O,1
south,south.a.01,south.n.04,0
bank,bank.n.01,bank.n.02,0
of,O,O,1
looking,look.v.01,look.v.04,0
is,O,O,1
very,very.r.01,very.r.01,1
bright,bright.a.03,bright.a.03,1
is,O,O,1
self-centered,self-centered.a.01,egoistic.a.01,0
put,put.v.01,put.v.01,1
few,O,O,1
blueberries,blueberry.n.02,blueberry.n.01,0
in,O,O,1
tea,tea.n.01,tea.n.01,1
was,O,O,1
aching,ache.v.02,ache.v.03,0
for,O,O,1
cigarette,cigarette.n.01,cigarette.n.01,1
bank,bank.n.02,bank.n.02,1
was,O,O,1
run,run.v.04,run_over.v.01,0
by,O,O,1
private~citizens,private_citizen.n.01,O,0
is,O,O,1
confident,confident.a.01,confident.a.01,1
of,O,O,1
friends,friend.n.01,friend.n.01,1
like,like.v.03,like.v.02,0
dishonest,dishonest.a.01,dishonest.a.01,1
fellow,fellow.n.01,fellow.n.01,1
is,O,O,1
awkward,awkward.a.02,awkward.a.06,0
actual,actual.a.01,actual.a.01,1
cost,cost.n.01,cost.v.01,0
was,O,O,1
higher,high.a.01,high.a.02,0
than,O,O,1
estimate,estimate.n.01,estimate.v.01,0
'm,O,O,1
as,O,O,1
tall,tall.a.01,tall.a.01,1
father,father.n.01,father.n.01,1
town,town.n.01,town.n.01,1
is,O,O,1
two,O,O,1
miles,mile.n.01,mile.n.01,1
away,away.r.05,O,0
from,O,O,1
coast,coast.n.01,coast.n.01,1
stuck,stick.v.01,stick.v.01,1
pencil,pencil.n.01,pencil.n.01,1
behind,O,O,1
ear,ear.n.01,ear.n.01,1
grandmother,grandmother.n.01,grandmother.n.01,1
suffers,suffer.v.02,suffer.v.02,1
from,O,O,1
osteoporosis,osteoporosis.n.01,osteoporosis.n.01,1
price,price.n.02,price.n.02,1
is,O,O,1
low,low.a.01,low.a.01,1
but,O,O,1
quality,quality.n.01,quality.n.01,1
n't,O,O,1
very,very.r.01,very.r.01,1
good,good.a.01,good.a.01,1
like,like.v.02,like.v.02,1
comic~books,comic_book.n.01,comic_book.n.01,1
is,O,O,1
two,O,O,1
years,O,year.n.01,0
older,old.a.01,old.a.01,1
than,O,O,1
bought,buy.v.01,buy.v.01,1
dictionary,dictionary.n.01,dictionary.n.01,1
too,O,O,1
great,great.a.04,great.a.04,1
place,place.n.01,O,0
answered,answer.v.01,answer.v.02,0
of,O,O,1
letters,letter.n.01,letter.n.01,1
won,win.v.01,win.v.01,1
silver~medal,silver_medal.n.01,silver_medal.n.01,1
expedition,expedition.n.02,expedition.n.01,0
will,O,O,1
be,O,O,1
expensive,expensive.a.01,expensive.a.01,1
chased,chase.v.01,chase.v.01,1
thief,thief.n.01,thief.n.01,1
and,O,O,1
stopped,stop.v.01,stop.v.02,0
picked,pick_up.v.03,pick.v.02,0
up,O,O,1
hitchhiker,hitchhiker.n.01,hitchhiker.n.01,1
There,O,O,1
are,be.v.03,O,0
ten~thousand,O,O,1
students,student.n.01,student.n.01,1
in,O,O,1
university,university.n.02,university.n.02,1
're,O,O,1
smiling,smile.v.01,smile.v.01,1
hung,hang_up.v.01,hang.v.02,0
up,O,O,1
There,O,O,1
is,be.v.03,O,0
dragonfly,dragonfly.n.01,dragonfly.n.01,1
on,O,O,1
ceiling,ceiling.n.01,ceiling.n.01,1
hate,hate.v.01,hate.v.01,1
rug,rug.n.01,rug.n.01,1
trusted,trust.v.01,trust.v.01,1
won,win.v.01,win.v.01,1
many,O,O,1
competitions,competition.n.02,competition.n.02,1
found,find.v.01,find.v.01,1
dried,dried.a.02,dry.v.01,0
salted,salted.a.01,salt.v.01,0
beef,beef.n.02,beef.n.01,0
do,O,O,1
n't,O,O,1
work,work.v.02,work.v.02,1
for,O,O,1
nobody,person.n.01,person.n.01,1
There,O,O,1
are,be.v.03,O,0
lot,O,O,1
of,O,O,1
tattoos,tattoo.n.02,tattoo.n.01,0
on,O,O,1
body,body.n.05,person.n.01,0
was,O,O,1
defeated,defeat.v.01,defeat.v.01,1
had,have.v.06,O,0
breakfast,breakfast.n.01,breakfast.n.01,1
at,O,O,1
correct,correct.a.01,correct.a.01,1
is,O,O,1
n't,O,O,1
tall,tall.a.01,tall.a.01,1
sails,sail.v.01,sail.v.01,1
to,O,O,1
turned,turn.v.01,turn.v.03,0
doorknob,doorknob.n.01,doorknob.n.01,1
How,O,O,1
many,O,O,1
flowers,flower.n.01,flower.n.01,1
are,be.v.03,O,0
there,O,O,1
in,O,O,1
vase,vase.n.01,vase.n.01,1
bought,buy.v.01,buy.v.01,1
red,red.a.01,red.a.01,1
sweater,sweater.n.01,sweater.n.01,1
at,O,O,1
shop,shop.n.01,shop.n.01,1
has,have.v.04,O,0
ring,ring.n.08,ring.n.08,1
is,O,O,1
ruined,ruined.a.01,ruin.v.01,0
tool,tool.n.01,tool.n.01,1
is,O,O,1
good~for~nothing,good-for-nothing.a.01,good-for-nothing.a.01,1
thought,think.v.01,think.v.01,1
guy,guy.n.01,guy.n.01,1
had,have.v.01,O,0
gun,gun.n.01,gun.n.01,1
so,O,so.r.01,0
shot,shoot.v.01,shoot.v.01,1
're,O,O,1
fabulous,fabulous.a.01,fabulous.s.01,0
kissed,kiss.v.01,kiss.v.01,1
was,O,O,1
already,O,O,1
in~love,in_love.a.01,in_love.a.01,1
with,O,O,1
curtain,curtain.n.01,curtain.n.01,1
fell,fall.v.02,fall.v.03,0
amid,O,O,1
wild,wild.a.03,wild.a.02,0
applause,applause.n.01,applause.n.01,1
of,O,O,1
audience,audience.n.01,audience.n.01,1
did,O,O,1
hear,hear.v.02,hear.v.01,0
rumor,rumor.n.01,rumor.n.01,1
from,O,O,1
loves,love.v.01,love.v.01,1
chocolate,chocolate.n.02,chocolate.n.02,1
too,O,O,1
put,put.v.01,put.v.01,1
thermometer,thermometer.n.01,thermometer.n.01,1
under,O,O,1
arm,arm.n.01,arm.n.01,1
am,O,O,1
peeling,peel.v.01,peel.v.01,1
apples,apple.n.01,apple.n.01,1
served,serve.v.06,serve.v.06,1
coffee,coffee.n.01,coffee.n.01,1
Boiling,boil.v.02,boil.v.01,0
lobsters,lobster.n.02,lobster.n.01,0
is,O,O,1
illegal,illegal.a.01,illegal.a.01,1
in,O,O,1
town,town.n.01,town.n.01,1
of,O,O,1
picked,pick.v.02,pick.v.02,1
broken,broken.a.01,broken.a.01,1
glass,glass.n.01,glass.n.02,0
off,O,O,1
floor,floor.n.01,floor.n.01,1
threw,throw.v.01,throw.v.01,1
stone,stone.n.01,stone.n.01,1
at,O,O,1
dog,dog.n.01,dog.n.01,1
girl,girl.n.01,girl.n.01,1
is,O,O,1
playing,play.v.07,play.v.01,0
flute,flute.n.01,flute.n.01,1
is,O,O,1
kind,kind.a.01,entity.n.01,0
of,O,O,1
money,money.n.01,money.n.01,1
has,O,O,1
been,O,O,1
stolen,steal.v.01,steal.v.01,1
ear,ear.n.01,ear.n.01,1
is,O,O,1
itching,itch.n.03,itching.n.01,0
poured,pour.v.01,pour.v.01,1
water,water.n.06,water.n.06,1
into,O,O,1
bucket,bucket.n.01,bucket.n.01,1
company,company.n.01,company.n.01,1
invested,invest.v.01,invest.v.01,1
lot,O,O,1
of,O,O,1
money,money.n.01,money.n.01,1
in,O,O,1
project,project.n.01,project.n.01,1
got,get_into.v.02,O,0
into,O,O,1
car,car.n.01,car.n.01,1
spoke,speak.v.02,speak.v.02,1
to,O,O,1
teacher,teacher.n.01,teacher.n.01,1
Where,location.n.01,location.n.01,1
is,be.v.03,O,0
classroom,classroom.n.01,classroom.n.01,1
's,be.v.03,O,0
on,O,O,1
third,O,O,1
floor,floor.n.02,floor.n.01,0
broke,break.v.03,break_out.v.01,0
's,O,O,1
clarinet,clarinet.n.01,clarinet.n.01,1
convinced,convince.v.01,convinced.a.01,0
was,O,O,1
wrong,wrong.a.01,wrong.a.01,1
are,O,O,1
dyeing,dye.v.01,dye.v.01,1
hair,hair.n.01,hair.n.01,1
brown,brown.a.01,brown.a.01,1
Let,O,O,1
fly,fly.v.05,fly.v.01,0
kite,kite.n.03,kite.n.03,1
's,O,O,1
bit,O,O,1
jealous,jealous.a.01,jealous.a.01,1
bananas,banana.n.02,banana.n.02,1
are,O,O,1
not,O,O,1
ripe,ripe.a.01,ripe.a.01,1
Three,O,O,1
people,person.n.01,person.n.01,1
were,O,O,1
arrested,arrest.v.01,arrest.v.01,1
clerk,clerk.n.01,clerk.n.01,1
labeled,label.v.02,label.v.01,0
baggage,baggage.n.01,baggage.n.01,1
did,O,O,1
n't,O,O,1
flunk,flunk.v.01,fail.v.07,0
title,title.n.02,title.n.02,1
of,O,O,1
play,play.n.01,play.v.01,0
is,be.v.02,O,0
car,car.n.01,car.n.01,1
consumes,consume.v.05,devour.v.03,0
lot,O,O,1
of,O,O,1
fuel,fuel.n.01,fuel.v.01,0
mess,mess.n.01,mess.n.01,1
Cat~Stevens,male.n.02,O,0
is,be.v.01,O,0
not,O,O,1
cat,cat.n.01,cat.n.01,1
's,be.v.01,O,0
singer,singer.n.01,singer.n.01,1
house,house.n.01,house.n.01,1
had,have.v.02,O,0
garden,garden.n.03,garden.n.01,0
wind,wind.n.01,wind.n.01,1
fanned,fan.v.04,fan.v.01,0
flames,flame.n.01,flame.n.01,1
's,O,O,1
personal,personal.a.01,personal.a.01,1
vocabulary,vocabulary.n.02,vocabulary.n.01,0
consisted,consist.v.04,consist.v.04,1
of,O,O,1
about,O,O,1
eighty~thousand,O,O,1
words,word.n.01,word.n.01,1
know,know.v.01,know.v.01,1
dirty,dirty.a.02,dirty.a.01,0
jokes,joke.n.01,joke.n.01,1
but,O,O,1
do,O,O,1
n't,O,O,1
tell,tell.v.03,tell.v.02,0
Cinderella,female.n.02,cinderella.n.01,0
had,have.v.01,O,0
two,O,O,1
evil,evil.a.01,evil.a.01,1
stepsisters,stepsister.n.01,half_sister.n.01,0
has,O,O,1
drawn,draw_up.v.04,pull.v.01,0
up,O,O,1
will,will.n.03,O,0
pants,pants.n.03,pants.n.03,1
were,O,O,1
soaked,soak.v.01,soak.v.01,1
baked,bake.v.02,bake.v.02,1
apple~pie,apple_pie.n.01,apple_pie.n.01,1
'll,O,O,1
never,O,O,1
return,return.v.01,return.v.01,1
'm,O,O,1
freaking,freak_out.v.01,freak_out.v.01,1
out,O,O,1
wrapped,wrap.v.01,wrap.v.02,0
sandwich,sandwich.n.01,sandwich.n.01,1
in,O,O,1
plastic,plastic.n.01,plastic.n.01,1
wrap,wrap.n.03,wrap.n.01,0
're,O,O,1
confusing,confuse.v.01,confuse.v.01,1
with,O,O,1
is,O,O,1
n't,O,O,1
mad,mad.a.01,mad.a.02,0
at,O,O,1
Do,O,O,1
like,like.v.03,like.v.02,0
're,be.v.02,O,0
not,O,O,1
girlfriend,girlfriend.n.02,girlfriend.n.02,1
anymore,O,O,1
have,have.v.16,O,0
nosebleed,nosebleed.n.01,nosebleed.n.01,1
originated,originate.v.02,originate.v.01,0
psychoanalysis,psychoanalysis.n.01,psychoanalysis.n.01,1
prisoners,prisoner.n.01,prisoner.n.01,1
have,O,O,1
vanished,vanish.v.01,disappear.v.01,0
zipped,zip_up.v.01,zip_up.v.01,1
up,O,O,1
jacket,jacket.n.01,jacket.n.01,1
does,O,O,1
not,O,O,1
let,let_up.v.02,let_up.v.01,0
up,O,O,1
is,be.v.01,O,0
important,important.a.01,important.a.01,1
film,film.n.01,film.n.01,1
can,O,O,1
borrow,borrow.v.01,borrow.v.01,1
car,car.n.01,car.n.01,1
for,O,O,1
few,O,O,1
days,day.n.01,day.n.01,1
is,O,O,1
sport,sport.n.01,sport.n.01,1
which,O,entity.n.01,0
never,O,O,1
called,call_off.v.01,call.v.01,0
off,O,O,1
by,O,O,1
rain,rain.n.01,rain.n.01,1
guy,guy.n.01,guy.n.01,1
is,be.v.01,O,0
party~pooper,party_pooper.n.01,O,0
sealed,seal.v.02,sealed.a.02,0
envelope,envelope.n.01,envelope.n.01,1
boat,boat.n.01,boat.n.01,1
sails,sail.v.01,sail.v.01,1
through,O,O,1
want,want.v.01,want.v.01,1
to,O,O,1
go,go.v.01,go.v.01,1
was,O,O,1
born,bear.v.02,bear.v.02,1
in,O,O,1
bit,bite.v.01,O,0
compared,compare.v.01,compare.v.03,0
answers,answer.n.02,answer.v.01,0
with,O,O,1
's,answer.n.02,O,0
researchers,researcher.n.01,research_worker.n.01,0
trained,train.v.04,train.v.01,0
monkeys,monkey.n.01,monkey.n.01,1
to,O,O,1
play,play.v.01,play.v.01,1
video~game,video_game.n.01,O,0
person,person.n.01,person.n.01,1
is,O,O,1
drinking,drink.v.01,drink.v.01,1
orange~juice,orange_juice.n.01,orange_juice.n.01,1
and,O,O,1
walking,walk.v.01,walk.v.01,1
was,O,O,1
founded,found.v.01,found.v.01,1
by,O,O,1
and,O,O,1
belongs,belong.v.05,belong.v.01,0
to,O,O,1
was,be.v.08,O,0
king,king.n.01,O,0
of,O,O,1
from,O,O,1
to,O,O,1
is,be.v.03,O,0
under,O,O,1
chair,chair.n.01,chair.n.01,1
asked,ask.v.02,ask.v.01,0
is,O,O,1
as,O,O,1
tall,tall.a.01,tall.a.01,1
father,father.n.01,father.n.01,1
children,child.n.01,child.n.02,0
took,take.v.04,take.v.02,0
ice~skates,ice_skate.n.01,O,0
and,O,O,1
made,make.v.28,make.v.06,0
for,O,O,1
frozen,frozen.a.01,frozen.a.05,0
pond,pond.n.01,pond.n.01,1
learned,learn.v.01,learn.v.01,1
Russian,russian.n.02,country.n.02,0
instead,O,O,1
of,O,O,1
All,entity.n.01,O,0
says,say.v.01,say.v.01,1
is,O,O,1
true,true.a.01,true.a.01,1
was,O,O,1
very,very.r.01,very.r.01,1
old,old.a.01,old.a.01,1
took,take_care.v.02,take.v.02,0
care,care.n.01,care.n.01,1
of,O,O,1
wound,wound.n.01,wound.n.01,1
'm,O,O,1
hungry,hungry.a.01,hungry.a.01,1
woman,woman.n.01,woman.n.01,1
is,be.v.03,O,0
from,O,O,1
speaks,speak.v.03,speak.v.03,1
Chinese,chinese.n.01,country.n.02,0
Somebody,person.n.01,person.n.01,1
knows,know.v.01,know.v.01,1
speaks,speak.v.03,speak.v.03,1
French,french.n.01,french.n.01,1
fluently,fluently.r.01,fluently.r.01,1
is,O,O,1
bigger,big.a.01,big.a.01,1
than,O,O,1
wizard,wizard.n.02,wizard.n.02,1
is,O,O,1
much,O,O,1
bigger,big.a.01,big.a.01,1
than,O,O,1
wife,wife.n.01,wife.n.01,1
loves,love.v.01,love.v.01,1
apple~pie,apple_pie.n.01,apple_pie.n.01,1
aunt,aunt.n.01,aunt.n.01,1
had,have.v.01,O,0
three,O,O,1
kids,kid.n.04,kid.n.01,0
is,O,O,1
not,O,O,1
as,O,O,1
big,big.a.01,big.a.01,1
is,O,O,1
scantily,scantily.r.01,scantily.r.01,1
clad,clad.a.01,clothe.v.01,0
How,O,O,1
many,O,O,1
languages,language.n.01,language.n.01,1
do,O,O,1
speak,speak.v.03,speak.v.03,1
have,have.v.16,O,0
stomachache,stomachache.n.01,stomachache.n.01,1
company,company.n.01,company.n.01,1
and,O,O,1
marketing,marketing.n.02,selling.n.01,0
department,department.n.01,department.n.01,1
are,O,O,1
based,based.a.02,based.a.02,1
in,O,O,1
Ten,O,O,1
people,person.n.01,person.n.01,1
died,die.v.01,die.v.01,1
in,O,O,1
accident,accident.n.01,accident.n.01,1
is,be.v.02,O,0
world,world.n.04,world.n.04,1
's,O,O,1
second,O,O,1
largest,large.a.01,large.a.01,1
island,island.n.01,island.n.01,1
company,company.n.01,company.n.01,1
is,O,O,1
led,lead.v.07,lead.v.01,0
by,O,O,1
Everybody,person.n.01,person.n.01,1
applauded,applaud.v.01,applaud.v.01,1
ate,eat.v.01,eat.v.01,1
apple,apple.n.01,apple.n.01,1
'm,be.v.03,O,0
in,O,O,1
right,O,O,1
now,O,O,1
is,O,O,1
pregnant,pregnant.a.01,pregnant.a.01,1
play,play.v.01,play.v.01,1
video~games,video_game.n.01,O,0
is,O,O,1
stoic,stoic.a.01,stoic.s.01,0
room,room.n.01,room.n.01,1
had,have.v.02,O,0
nice,nice.a.01,nice.a.01,1
cozy,cozy.a.01,cozy.a.02,0
feel,feel.n.02,feel.n.01,0
are,O,O,1
bored,bored.a.01,bore.v.01,0
dog,dog.n.01,dog.n.01,1
is,O,O,1
barking,bark.v.04,bark.v.04,1
now,O,O,1
wife,wife.n.01,wife.n.01,1
was,O,O,1
killed,kill.v.01,kill.v.01,1
in,O,O,1
accident,accident.n.01,accident.n.01,1
son,son.n.01,son.n.01,1
entered,enter.v.03,enter.v.01,0
high~school,high_school.n.01,high_school.n.01,1
's,be.v.03,O,0
in,O,O,1
bathroom,bathroom.n.01,bathroom.n.01,1
storm,storm.n.01,storm.n.01,1
rattled,rattle.v.02,rattle.v.01,0
shutters,shutter.n.02,shutter.n.01,0
is,O,O,1
dark-skinned,dark-skinned.a.01,colored.s.02,0
planted,plant.v.01,plant.v.01,1
three,O,O,1
apple~trees,apple_tree.n.01,apple_tree.n.01,1
in,O,O,1
yard,yard.n.02,yard.n.02,1
band,band.n.05,band.n.05,1
comes,come.v.01,come.v.08,0
to,O,O,1
town,town.n.01,town.n.01,1
tomorrow,O,O,1
Give,give.v.03,give.v.03,1
money,money.n.01,money.n.01,1
television,television.n.02,television.n.03,0
is,O,O,1
broken,broken.a.11,broken.a.01,0
're,O,O,1
biased,biased.a.01,bias.v.01,0
senses,sense.v.03,feel.v.03,0
aliens,alien.n.03,alien.n.03,1
are,O,O,1
watching,watch.v.02,watch.v.03,0
parents,parent.n.01,parent.n.01,1
hate,hate.v.01,hate.v.01,1
Read,read.v.01,read.v.01,1
fucking,fucking.a.01,fucking.a.01,1
manual,manual.n.01,manual.a.01,0
'm,O,O,1
already,O,O,1
married,married.a.01,marry.v.01,0
Polyglots,polyglot.n.01,linguist.n.02,0
are,O,O,1
sexier,sexy.a.01,sexy.a.01,1
adores,adore.v.01,adore.v.01,1
baby,baby.n.01,baby.n.01,1
's,O,O,1
cute,cute.a.01,cute.a.01,1
round,round.a.01,round.n.09,0
face,face.n.01,face.n.01,1
There,O,O,1
's,be.v.03,O,0
place,place.n.01,O,0
called,call.v.01,call.v.01,1
in,O,O,1
farm~workers,farm_worker.n.01,O,0
unloaded,unload.v.02,unload.v.02,1
truck,truck.n.01,truck.n.01,1
saw,see.v.01,see.v.01,1
on,O,O,1
TV,tv.n.01,tv.n.02,0
convict,convict.n.01,convict.n.01,1
has,O,O,1
escaped,escape.v.01,escape.v.01,1
from,O,O,1
prison,prison.n.01,prison.n.01,1
bridge,bridge.n.01,bridge.n.01,1
is,O,O,1
made,make.v.06,make.v.06,1
of,O,O,1
wood,wood.n.01,wood.n.01,1
borrowed,borrow.v.01,borrow.v.01,1
screwdriver,screwdriver.n.01,screwdriver.n.01,1
from,O,O,1
friend,friend.n.01,friend.n.01,1
of,O,O,1
mine,O,O,1
speaks,speak.v.03,speak.v.03,1
German,german.n.02,country.n.02,0
is,O,O,1
napping,nap.v.01,nap.v.01,1
on,O,O,1
sofa,sofa.n.01,sofa.n.01,1
has,O,O,1
been,O,O,1
sitting,sit.v.01,sit.v.01,1
on,O,O,1
riverbank,riverbank.n.01,riverbank.n.01,1
for,O,O,1
hours,hour.n.01,hour.n.01,1
There,O,O,1
are,be.v.03,O,0
lot,O,O,1
of,O,O,1
earthquakes,earthquake.n.01,earthquake.n.01,1
in,O,O,1
's,O,O,1
hungry,hungry.a.01,hungry.a.01,1
is,O,O,1
not,O,O,1
funny,funny.a.01,funny.a.01,1
anymore,O,O,1
vote,vote.n.01,vote.v.01,0
counts,count.v.07,count.v.07,1
turned,turn_down.v.05,turn.v.03,0
down,O,O,1
radio,radio.n.02,radio.n.02,1
's,O,O,1
anorexic,anorexic.a.01,anorexic.n.01,0
How,O,O,1
old,old.a.02,old.a.01,0
is,O,O,1
tree,tree.n.01,tree.n.01,1
is,O,O,1
absorbed,absorbed.a.01,absorbed.a.01,1
in,O,O,1
study,study.n.06,study.v.05,0
of,O,O,1
is,be.v.02,O,0
favorite,favorite.a.02,favorite.a.02,1
composer,composer.n.01,composer.n.01,1
Do,O,O,1
like,like.v.02,like.v.02,1
furniture,furniture.n.01,furniture.n.01,1
wife,wife.n.01,wife.n.01,1
teaches,teach.v.01,teach.v.01,1
Italian,italian.n.02,country.n.02,0
daughter,daughter.n.01,daughter.n.01,1
was,O,O,1
born,bear.v.02,bear.v.02,1
in,O,O,1
highest,high.a.01,high.a.02,0
mountain,mountain.n.01,mountain.n.01,1
in,O,O,1
is,O,O,1
meters,meter.n.01,meter.n.01,1
high,high.a.01,high.a.02,0
Poaching,poach.v.01,poach.v.01,1
is,O,O,1
illegal,illegal.a.01,illegal.a.01,1
hunters,hunter.n.01,hunter.n.01,1
aimed,aim.v.01,aim.v.01,1
at,O,O,1
elephant,elephant.n.01,elephant.n.01,1
broke,break_up.v.02,break_out.v.01,0
up,O,O,1
with,O,O,1
saw,see.v.01,see.v.01,1
too,O,O,1
one,person.n.01,person.n.01,1
will,O,O,1
change,change.v.01,change.v.02,0
anything,entity.n.01,entity.n.01,1
scratched,scratch.v.03,scratch.v.03,1
died,die.v.01,die.v.01,1
when,O,O,1
was,O,O,1
's,be.v.02,O,0
favorite,favorite.a.02,favorite.a.02,1
small,small.a.01,small.a.01,1
town,town.n.01,town.n.01,1
in,O,O,1
United~States,country.n.02,country.n.02,1
voyage,voyage.n.01,voyage.n.01,1
from,O,O,1
to,O,O,1
used,O,O,1
take,take.v.02,take_place.v.01,0
months,month.n.01,month.n.02,0
's,O,O,1
paraplegic,paraplegic.a.01,paraplegic.n.01,0
Should,O,O,1
call,call.v.03,call.v.03,1
left,leave.v.01,leave.v.01,1
hour,hour.n.01,hour.n.01,1
ago,O,O,1
is,O,O,1
watching,watch.v.02,watch.v.03,0
should,O,O,1
be,O,O,1
ashamed,ashamed.a.01,ashamed.a.01,1
of,O,O,1
stupidity,stupidity.n.02,stupidity.n.01,0
's,O,O,1
test,test.n.02,test.n.02,1
will,O,O,1
be,O,O,1
difficult,difficult.a.01,difficult.a.01,1
girl,girl.n.01,girl.n.01,1
at,O,O,1
door,door.n.01,door.n.01,1
is,be.v.02,O,0
Let,O,O,1
help,help.v.01,help.v.01,1
Yamamoto,male.n.02,yamamoto.n.01,0
had,have.v.01,O,0
one~hundred~sixty-two,O,O,1
ships,ship.n.01,ship.n.01,1
brother,brother.n.01,brother.n.01,1
is,be.v.03,O,0
now,O,O,1
in,O,O,1
airship,airship.n.01,airship.n.01,1
is,O,O,1
lighter,light.a.01,lighter.n.02,0
than,O,O,1
air,air.n.01,air.n.01,1
ready,ready.a.01,ready.a.01,1
Nobody,person.n.01,person.n.01,1
wants,want.v.01,want.v.01,1
feared,fear.v.02,fear.v.01,0
black,black.a.01,black.a.01,1
cats,cat.n.01,cat.n.01,1
unbuttoned,unbutton.v.01,unbutton.v.01,1
shirt,shirt.n.01,shirt.n.01,1
Polish,country.n.02,polish.n.04,0
nails,nail.n.02,nail.n.01,0
are,O,O,1
more,O,O,1
expensive,expensive.a.01,expensive.a.01,1
than,O,O,1
Chinese,country.n.02,country.n.02,1
ones,nail.n.02,ring.n.08,0
won,win.v.01,win.v.01,1
silver~medal,silver_medal.n.01,silver_medal.n.01,1
stomach,stomach.n.01,stomach.n.01,1
is,O,O,1
grumbling,grumble.v.03,grumble.v.02,0
fields,field.n.01,fields.n.01,0
abound,abound.v.01,abound.v.01,1
in,O,O,1
wild~flowers,wild_flower.n.01,O,0
and,O,O,1
still,O,O,1
love,love.v.03,love.v.01,0
each~other,O,O,1
live,live.v.01,live.v.01,1
in,O,O,1
am,be.v.03,O,0
from,O,O,1
respects,respect.v.02,respect.v.01,0
religions,religion.n.02,religion.n.01,0
runner,runner.n.04,runner.n.02,0
stole,steal.v.03,steal.v.01,0
third~base,third_base.n.01,O,0
planted,plant.v.01,plant.v.01,1
roses,rose.n.01,rose.n.01,1
in,O,O,1
garden,garden.n.01,garden.n.01,1
man,man.n.01,man.n.01,1
dancing,dance.v.02,dance.v.02,1
on,O,O,1
stage,stage.n.03,stage.n.03,1
is,be.v.02,O,0
uncle,uncle.n.01,uncle.n.01,1
am,O,O,1
not,O,O,1
ashamed,ashamed.a.01,ashamed.a.01,1
to,O,O,1
be,O,O,1
seen,see.v.01,see.v.01,1
with,O,O,1
's,O,O,1
cooking,cook.v.01,cook.v.01,1
teacher,teacher.n.01,teacher.n.01,1
accused,accuse.v.01,accuse.v.01,1
of,O,O,1
cheating,cheating.n.01,cheat.v.03,0
denied,deny.v.01,deny.v.01,1
accusation,accusation.n.02,accusation.n.01,0
'm,O,O,1
convinced,convinced.a.01,convinced.a.01,1
job,job.n.01,job.n.01,1
is,O,O,1
perfect,perfect.a.01,perfect.a.01,1
for,O,O,1
hate,hate.v.01,hate.v.01,1
color,color.n.01,color.n.01,1
've,O,O,1
ordered,order.v.02,order.v.02,1
book,book.n.02,book.n.02,1
from,O,O,1
is,O,O,1
parking,park.v.02,park.v.01,0
car,car.n.01,car.n.01,1
There,O,O,1
's,O,O,1
volcano,volcano.n.01,volcano.n.01,1
emitting,emit.v.01,emit.v.01,1
masses,mass.n.02,multitude.n.03,0
of,O,O,1
smoke,smoke.n.01,smoke.v.01,0
in,O,O,1
trip,trip.n.01,trip.n.01,1
will,O,O,1
take,take.v.02,take_place.v.01,0
approximately,O,O,1
five,O,O,1
hours,hour.n.01,hour.n.01,1
jotted,jot_down.v.01,jot.v.01,0
down,O,O,1
something,entity.n.01,entity.n.01,1
in,O,O,1
notebook,notebook.n.01,notebook.n.02,0
was,O,O,1
eating,eat.v.01,eat.v.01,1
sandwich,sandwich.n.01,sandwich.n.01,1
Shag~rugs,shag_rug.n.01,O,0
were,O,O,1
popular,popular.a.01,popular.a.01,1
in,O,O,1
is,O,O,1
out,out.r.01,O,0
now,O,O,1
anal,anal.a.01,anal.a.01,1
fissures,fissure.n.01,crevice.n.01,0
curable,curable.a.01,curable.a.01,1
is,O,O,1
going,go.v.01,go.v.01,1
to,O,O,1
concert,concert.n.01,concert.n.01,1
'd,O,O,1
like,like.v.05,like.v.02,0
two,O,O,1
kilos,kilo.n.01,kilo.n.01,1
of,O,O,1
apples,apple.n.01,apple.n.01,1
All~at~once,all_at_once.r.02,O,0
ship,ship.n.01,ship.n.01,1
left,leave.v.01,leave.v.01,1
pier,pier.n.01,pier.n.01,1
book,book.n.02,book.n.02,1
about,O,O,1
dancing,dance.n.01,dance.v.02,0
is,O,O,1
lying,lie.v.01,lie.v.05,0
on,O,O,1
desk,desk.n.01,desk.n.01,1
apologized,apologize.v.01,apologize.v.01,1
to,O,O,1
employee,employee.n.01,employee.n.01,1
name,name.n.01,name.n.01,1
is,O,O,1
very,O,very.r.01,0
rare,rare.a.01,rare.a.01,1
in,O,O,1
country,country.n.02,country.n.02,1
stepped,step.v.01,step.v.01,1
into,O,O,1
lion,lion.n.01,lion.n.01,1
's,O,O,1
den,den.n.01,den.n.04,0
should,O,O,1
drink,drink.v.01,drink.v.01,1
ounces,ounce.n.01,ounce.n.01,1
of,O,O,1
fluids,fluid.n.01,fluid.n.01,1
day,O,day.n.01,0
cleaned,clean_out.v.03,clean.v.01,0
out,O,O,1
bank~accounts,bank_account.n.01,O,0
and,O,O,1
disappeared,disappear.v.01,disappear.v.01,1
has,O,O,1
brought,bring_up.v.02,bring.v.01,0
up,O,O,1
five,O,O,1
children,child.n.02,child.n.02,1
gave,give.v.03,give.v.03,1
in,O,O,1
brown,brown.a.01,brown.a.01,1
paper~bag,paper_bag.n.01,O,0
am,O,O,1
dyeing,dye.v.01,dye.v.01,1
hair,hair.n.01,hair.n.01,1
brown,brown.a.01,brown.a.01,1
How,O,O,1
's,O,O,1
tries,try.v.01,try.v.01,1
called,call.v.03,call.v.01,0
has,have.v.01,O,0
son,son.n.01,son.n.01,1
adores,adore.v.01,adore.v.01,1
cats,cat.n.01,cat.n.01,1
begged,beg.v.01,beg.v.01,1
to,O,O,1
stay,stay.v.03,stay.v.01,0
makes,make.v.02,make.v.24,0
kind~of,kind_of.r.01,kind_of.r.01,1
happy,happy.a.01,happy.a.01,1
learn,learn.v.01,learn.v.01,1
used,O,O,1
to,O,O,1
be,be.v.08,O,0
cop,cop.n.01,bull.n.05,0
respects,respect.v.01,respect.v.01,1
opinion,opinion.n.01,opinion.n.01,1
was,O,O,1
born,bear.v.02,bear.v.02,1
in,O,O,1
crowd,crowd.n.01,crowd.n.01,1
rushed,rush.v.01,rush.v.01,1
to,O,O,1
exit,exit.n.01,exit.n.01,1
octopus,octopus.n.02,octopus.n.01,0
is,be.v.03,O,0
in,O,O,1
sea,sea.n.01,sea.n.01,1
train,train.n.01,train.n.01,1
is,O,O,1
going,go.v.01,go.v.01,1
to,O,O,1
government,government.n.01,government.n.01,1
appointed,appoint.v.02,appoint.v.02,1
ambassador,ambassador.n.01,ambassador.n.01,1
to,O,O,1
man,man.n.01,man.n.01,1
is,O,O,1
resting,rest.v.01,rest.v.01,1
on,O,O,1
chair,chair.n.01,chair.n.01,1
and,O,O,1
rubbing,rub.v.01,rub.v.01,1
eyes,eye.n.01,eye.n.01,1
Someone,person.n.01,person.n.01,1
is,O,O,1
writing,write.v.02,write.v.01,0
Two,O,O,1
groups,group.n.01,group.n.01,1
of,O,O,1
people,person.n.01,person.n.01,1
are,O,O,1
playing,play.v.01,play.v.01,1
football,football.n.01,football.n.01,1
ring,ring.n.08,ring.n.08,1
is,O,O,1
does,O,O,1
not,O,O,1
want,want.v.01,want.v.01,1
kind,entity.n.01,entity.n.01,1
of,O,O,1
flowers,flower.n.01,flower.n.01,1
is,O,O,1
kind~of,kind_of.r.01,kind_of.r.01,1
interesting,interesting.a.01,interesting.a.01,1
is,O,O,1
smoother,smooth.a.01,smooth.a.01,1
than,O,O,1
billiard~ball,billiard_ball.n.01,O,0
's,O,O,1
government,government.n.01,government.n.01,1
and,O,O,1
non-profit,nonprofit.a.01,O,0
are,O,O,1
launching,launch.v.01,establish.v.01,0
new,new.a.01,new.a.01,1
appeal,appeal.n.01,entreaty.n.01,0
to,O,O,1
save,save.v.01,salvage.v.01,0
critically,critically.r.01,critically.r.01,1
endangered,endangered.a.01,endanger.v.01,0
one-horned~rhino,indian_rhinoceros.n.01,O,0
reports,report.v.01,report.v.01,1
two,O,O,1
portraits,portrait.n.02,portrayal.n.01,0
and,O,O,1
lithography,lithography.n.02,lithography.n.01,0
by,O,O,1
were,O,O,1
recovered,recover.v.01,recover.v.01,1
using,use.v.01,use.v.01,1
database,database.n.01,database.n.01,1
summit,summit.n.02,acme.n.01,0
of,O,O,1
mountain,mountain.n.01,mountain.n.01,1
is,O,O,1
covered,cover.v.01,cover.v.02,0
with,O,O,1
snow,snow.n.02,snow.n.02,1
book,book.n.01,book.n.02,0
is,O,O,1
written,write.v.01,write.v.01,1
in,O,O,1
of,O,O,1
talk,talk.v.03,talk.v.01,0
in,O,O,1
read,read.v.01,read.v.01,1
comic~books,comic_book.n.01,comic_book.n.01,1
ran,run_out.v.01,run_away.v.01,0
out,O,O,1
of,O,O,1
food,food.n.02,food.n.02,1
lights,light.n.02,light_up.v.04,0
went,go_out.v.04,go.v.01,0
out,O,O,1
hesitated,hesitate.v.02,hesitate.v.01,0
for,O,O,1
moment,moment.n.02,O,0
was,O,O,1
feeling,feel.v.03,feel.v.03,1
kind~of,kind_of.r.01,kind_of.r.01,1
tired,tired.a.01,tired.a.01,1
is,O,O,1
good,good.a.07,good.a.01,0
boy,boy.n.01,boy.n.01,1
and,O,O,1
very,very.r.01,very.r.01,1
strong,strong.a.01,strong.a.01,1
There,O,O,1
was,be.v.03,O,0
abandoned,abandoned.a.01,abandon.v.05,0
car,car.n.01,car.n.01,1
by,O,O,1
river,river.n.01,river.n.01,1
Where,location.n.01,location.n.01,1
does,O,O,1
live,live.v.01,live.v.01,1
name,name.n.01,name.n.01,1
's,be.v.02,O,0
not,O,O,1
girl,O,girl.n.01,0
'm,be.v.08,O,0
professional,professional.a.01,professional.a.01,1
photographer,photographer.n.01,photographer.n.01,1
's,O,O,1
confusing,confusing.a.01,confuse.v.01,0
's,be.v.03,O,0
under,O,O,1
table,table.n.02,table.n.02,1
never,O,O,1
touched,touch.v.01,touch.v.01,1
have,O,O,1
never,O,O,1
translated,translate.v.01,translate.v.01,1
book,book.n.01,book.n.02,0
're,O,O,1
afraid,afraid.a.01,afraid.a.01,1
of,O,O,1
is,be.v.02,O,0
's,O,O,1
ex,O,O,1
boyfriend,boyfriend.n.01,boyfriend.n.01,1
man,man.n.01,man.n.01,1
is,be.v.02,O,0
jewels,jewel.n.01,jewel.n.01,1
are,be.v.02,O,0
's,O,O,1
took,take_off.v.06,take.v.02,0
off,O,O,1
old,old.a.02,old.a.01,0
shoes,shoe.n.01,shoe.n.01,1
and,O,O,1
put,put_on.v.01,put.v.01,0
on,O,O,1
new,new.a.01,new.a.01,1
ones,shoe.n.01,ring.n.08,0
There,O,O,1
are,be.v.03,O,0
almost,O,O,1
seven~billion,O,O,1
people,person.n.01,person.n.01,1
in,O,O,1
world,world.n.04,world.n.04,1
debts,debt.n.02,debt.n.01,0
amounted,amount.v.02,amount.v.02,1
to,O,O,1
thousand,O,O,1
dollars,dollar.n.01,dollar.n.01,1
took,take_off.v.06,take.v.02,0
off,O,O,1
bullet-proof,bulletproof.a.02,O,0
vest,vest.n.01,vest.n.01,1
has,O,O,1
started,start.v.01,start.v.02,0
to,O,O,1
learn,learn.v.01,learn.v.01,1
If,O,O,1
is,O,O,1
proficient,proficient.a.02,proficient.a.01,0
in,O,O,1
'll,O,O,1
employ,employ.v.02,use.v.01,0
How,O,O,1
many,O,O,1
chromosomes,chromosome.n.01,chromosome.n.01,1
does,O,O,1
human~being,human_being.n.01,O,0
have,have.v.02,O,0
eyes,eye.n.01,eye.n.01,1
are,O,O,1
like,like.a.01,like.v.02,0
of,O,O,1
leopard,leopard.n.02,leopard.n.01,0
paid,pay.v.01,pay.v.01,1
by,O,O,1
credit~card,credit_card.n.01,credit_card.n.01,1
school,school.n.02,school.n.02,1
looks,look_like.v.01,look_like.v.01,1
like,O,like.v.02,0
prison,prison.n.01,prison.n.01,1
There,O,O,1
are,be.v.03,O,0
students,student.n.01,student.n.01,1
in,O,O,1
schoolyard,schoolyard.n.01,schoolyard.n.01,1
actress,actress.n.01,actress.n.01,1
fainted,faint.v.01,faint.v.01,1
right,O,O,1
in,O,O,1
middle,middle.n.04,middle.n.01,0
of,O,O,1
play,play.n.02,play.v.01,0
asked,ask.v.02,ask.v.01,0
for,O,O,1
money,money.n.01,money.n.01,1
and,O,O,1
walked,walk.v.01,walk.v.01,1
down,O,O,1
busy,busy.a.04,busy.a.01,0
sidewalk,sidewalk.n.01,sidewalk.n.01,1
cut,cut.n.05,cut.v.01,0
looks,look.v.02,look_like.v.01,0
infected,infected.a.01,infect.v.04,0
boy,boy.n.01,boy.n.01,1
is,O,O,1
playing,play.v.05,play.v.01,0
with,O,O,1
toy,toy.n.01,toy.n.01,1
soldiers,soldier.n.01,soldier.n.01,1
has,O,O,1
been,O,O,1
snowing,snow.v.01,snow.v.01,1
for,O,O,1
two,O,O,1
days,day.n.01,day.n.01,1
box,box.n.01,box.n.01,1
is,O,O,1
heavy,heavy.a.01,heavy.a.01,1
was,O,O,1
like,like.a.01,like.v.02,0
father,father.n.01,father.n.01,1
to,O,O,1
am,O,O,1
scaring,scare_away.v.01,scare.v.01,0
sparrows,sparrow.n.01,sparrow.n.01,1
away,O,O,1
was,O,O,1
three,O,O,1
in,O,O,1
morning,morning.n.01,morning.n.01,1
is,O,O,1
bit,O,O,1
crazy,crazy.a.01,crazy.a.05,0
note,note.n.01,note.n.01,1
is,O,O,1
jotted,jot.v.01,jot.v.01,1
directly,directly.r.02,directly.r.01,0
on,O,O,1
envelope,envelope.n.01,envelope.n.01,1
swam,swim.v.01,swim.v.01,1
quit,quit.v.01,quit.v.01,1
smoking,smoke.v.01,smoke.v.01,1
two,O,O,1
years,year.n.01,year.n.01,1
ago,O,O,1
despises,despise.v.01,despise.v.01,1
lies,lie.n.01,lie.v.01,0
Something,entity.n.01,entity.n.01,1
strange,strange.a.01,strange.a.01,1
is,O,O,1
happening,happen.v.01,happen.v.01,1
is,O,O,1
shy,shy.a.03,shy.a.01,0
of,O,O,1
strangers,stranger.n.01,stranger.n.01,1
whispered,whisper.v.01,whisper.v.01,1
something,entity.n.01,entity.n.01,1
in,O,O,1
's,O,O,1
ear,ear.n.01,ear.n.01,1
directed,direct.v.09,direct.v.03,0
to,O,O,1
theater,theater.n.01,theater.n.01,1
arrived,arrive.v.01,arrive.v.01,1
at,O,O,1
work,work.n.06,work.v.02,0
tourists,tourist.n.01,tourist.n.01,1
were,O,O,1
ripped,rip_off.v.01,rip_up.v.01,0
off,O,O,1
at,O,O,1
nightclub,nightclub.n.01,cabaret.n.01,0
tsunami,tsunami.n.01,tsunami.n.01,1
alert,alert.n.01,alert.a.01,0
was,O,O,1
cancelled,cancel.v.01,cancel.v.01,1
was,O,O,1
turned,turn_down.v.02,turn.v.03,0
down,O,O,1
's,be.v.08,O,0
graphic~designer,graphic_designer.n.01,O,0
bought,buy.v.01,buy.v.01,1
at,O,O,1
butcher,butcher.n.01,butcher.n.01,1
's,place.n.02,O,0
helps,help.v.01,help.v.01,1
was,O,O,1
sick,sick.a.04,sick.a.01,0
of,O,O,1
noise,noise.n.02,noise.n.01,0
guards,guard.n.01,guard.n.01,1
found,find.v.02,find.v.01,0
hacksaw,hacksaw.n.01,hacksaw.n.01,1
blade,blade.n.09,blade.n.01,0
in,O,O,1
prisoner,prisoner.n.01,prisoner.n.01,1
's,O,O,1
pocket,pocket.n.01,pocket.n.01,1
policeman,policeman.n.01,policeman.n.01,1
is,O,O,1
on,on.a.01,O,0
duty,duty.n.02,duty.n.02,1
left,leave.v.10,leave.v.01,0
son,son.n.01,son.n.01,1
lot,O,O,1
of,O,O,1
money,money.n.01,money.n.01,1
's,O,O,1
much,O,O,1
bigger,big.a.01,big.a.01,1
than,O,O,1
'm,O,O,1
frantic,frantic.a.01,frantic.s.01,0
heard,hear.v.01,hear.v.01,1
phone,phone.n.01,phone.n.01,1
answered,answer.v.02,answer.v.02,1
may,O,O,1
be,O,O,1
jogging,jog.v.03,jog.v.03,1
around,O,O,1
park,park.n.02,park.n.02,1
was,O,O,1
born,bear.v.02,bear.v.02,1
in,O,O,1
eighties,O,O,1
pretty,pretty.a.01,pretty.a.01,1
flower,flower.n.01,flower.n.01,1
forgot,forget.v.04,forget.v.04,1
mobile~phone,mobile_phone.n.01,mobile_phone.n.01,1
Now,O,O,1
're,O,O,1
flying,fly.v.01,fly.v.01,1
over,O,O,1
is,O,O,1
bad,bad.a.07,bad.a.07,1
at,O,O,1
sports,sport.n.01,sport.n.01,1
is,O,O,1
knitting,knit.v.01,knitting.n.02,0
scarf,scarf.n.01,scarf.n.01,1
has,have.v.01,O,0
daughter,daughter.n.01,daughter.n.01,1
will,O,O,1
be,O,O,1
arriving,arrive.v.01,arrive.v.01,1
by,O,O,1
train,train.n.01,train.n.01,1
at,O,O,1
eleven,O,O,1
beautiful,beautiful.a.01,beautiful.a.01,1
sunset,sunset.n.03,sunset.n.01,0
'm,O,O,1
always,O,O,1
thirsty,thirsty.a.02,thirsty.a.02,1
stopped,stop.v.02,stop.v.02,1
studying,study.v.02,study.v.05,0
left,leave.v.08,leave.v.01,0
university,university.n.03,university.n.02,0
without,O,O,1
degree,degree.n.03,degree.n.01,0
said,say.v.01,say.v.01,1
name,name.n.01,name.n.01,1
was,be.v.02,O,0
did,O,O,1
n't,O,O,1
baby,baby.n.01,baby.n.01,1
is,O,O,1
weeks,week.n.01,week.n.01,1
old,old.a.01,old.a.01,1
mother,mother.n.01,mother.n.01,1
began,begin.v.01,begin.v.01,1
to,O,O,1
sing,sing.v.02,sing.v.01,0
married,marry.v.02,marry.v.01,0
daughter,daughter.n.01,daughter.n.01,1
to,O,O,1
lawyer,lawyer.n.01,lawyer.n.01,1
lent,lend.v.02,lend.v.02,1
book,book.n.02,book.n.02,1
about,O,O,1
rain,rain.n.01,rain.n.01,1
lasted,last.v.01,last.v.01,1
three,O,O,1
days,day.n.01,day.n.01,1
'm,O,O,1
busy,busy.a.01,busy.a.01,1
right,O,O,1
now,O,O,1
Despite,O,O,1
riches,riches.n.01,wealth.n.03,0
's,O,O,1
not,O,O,1
contented,content.a.01,content.v.01,0
How,O,O,1
many,O,O,1
subscribers,subscriber.n.02,subscriber.n.01,0
does,O,O,1
magazine,magazine.n.01,magazine.n.02,0
have,have.v.02,O,0
peeled,peel.v.01,skin.v.04,0
apple,apple.n.01,apple.n.01,1
fool,fool.n.01,fool.n.01,1
've,O,O,1
been,be.v.01,O,0
happy,happy.a.02,happy.a.01,0
surprise,surprise.n.02,surprise.v.01,0
hugged,hug.v.01,hug.v.01,1
Is,O,O,1
apple,apple.n.01,apple.n.01,1
red,red.a.01,red.a.01,1
uncle,uncle.n.01,uncle.n.01,1
is,O,O,1
rich,rich.a.01,rich.a.01,1
took,take.v.02,take.v.02,1
couple,couple.n.03,couple.n.01,0
of,O,O,1
hours,hour.n.01,hour.n.01,1
to,O,O,1
solve,solve.v.01,solve.v.01,1
problem,problem.n.02,problem.n.02,1
think,think.v.01,think.v.01,1
're,O,O,1
jealous,jealous.a.01,jealous.a.01,1
old,old.a.01,old.a.01,1
cat,cat.n.01,cat.n.01,1
is,O,O,1
still,O,O,1
alive,alive.a.01,alive.a.01,1
'm,O,O,1
convinced,convinced.a.01,convinced.a.01,1
is,O,O,1
lying,lie.v.05,lie.v.05,1
seeds,seed.n.01,seed.n.01,1
have,O,O,1
germinated,germinate.v.01,shoot.v.19,0
watched,watch.v.03,watch.v.03,1
Swedish,country.n.02,country.n.02,1
movie,movie.n.01,movie.n.01,1
dish,dish.n.02,dish.n.01,0
is,O,O,1
more,O,O,1
delicious,delicious.a.02,delicious.a.02,1
than,O,O,1
one,dish.n.02,person.n.01,0
must,O,O,1
destroy,destroy.v.01,destroy.v.01,1
evidence,evidence.n.02,evidence.n.03,0
'd,O,O,1
like,like.v.05,like.v.02,0
pi√±a~colada,pina_colada.n.01,O,0
wanted,want.v.01,want.v.01,1
to,O,O,1
go,go.v.01,go.v.01,1
was,O,O,1
young,young.a.01,young.a.01,1
and,O,O,1
innocent,innocent.a.01,innocent.a.01,1
owns,own.v.01,own.v.01,1
car,car.n.01,car.n.01,1
dealership,dealership.n.01,franchise.n.02,0
lives,live.v.01,live.v.01,1
in,O,O,1
Is,be.v.03,O,0
there,O,O,1
washing~machine,washing_machine.n.01,washing_machine.n.01,1
in,O,O,1
house,house.n.01,house.n.01,1
ordered,order.v.02,order.v.02,1
steaks,steak.n.01,steak.n.01,1
Where,location.n.01,location.n.01,1
did,O,O,1
take,take_off.v.02,take_place.v.01,0
earrings,earring.n.01,earring.n.01,1
off,O,O,1
is,O,O,1
having,have.v.16,have.v.06,0
heart~attack,heart_attack.n.01,heart_attack.n.01,1
pointed,point.v.03,point.v.01,0
gun,gun.n.01,gun.n.01,1
at,O,O,1
is,O,O,1
kind,kind.a.01,entity.n.01,0
to,O,O,1
died,die.v.01,die.v.01,1
from,O,O,1
turbeculosis,tuberculosis.n.01,O,0
was,O,O,1
too,O,O,1
tired,tired.a.01,tired.a.01,1
to,O,O,1
speak,speak.v.01,speak.v.03,0
have,O,O,1
to,O,O,1
print,print.v.03,print.v.01,0
pages,page.n.01,page.n.01,1
have,have.v.09,O,0
plenty,O,O,1
of,O,O,1
time,time.n.03,time.n.02,0
hair,hair.n.01,hair.n.01,1
is,O,O,1
out~of~fashion,unfashionable.a.01,unfashionable.a.01,1
now,O,O,1
passport,passport.n.02,passport.n.02,1
was,O,O,1
stolen,steal.v.01,steal.v.01,1
fastened,fasten.v.01,fasten.v.01,1
seat~belt,seat_belt.n.01,seat_belt.n.01,1
peasants,peasant.n.01,peasant.n.01,1
were,O,O,1
planting,plant.v.01,plant.v.01,1
rice,rice.n.02,rice.n.01,0
'm,O,O,1
going,O,go.v.01,0
to,O,O,1
kill,kill.v.01,kill.v.01,1
has,have.v.01,O,0
three,O,O,1
sons,son.n.01,son.n.01,1
see,see.v.08,see.v.01,0
from~time~to~time,from_time_to_time.r.01,from_time_to_time.r.01,1
boy,boy.n.01,boy.n.01,1
knocked,knock_over.v.01,knock.v.02,0
glass,glass.n.02,glass.n.02,1
over,O,O,1
nodded,nod.v.01,nod.v.02,0
hesitantly,hesitantly.r.01,hesitantly.r.01,1
also,O,O,1
lost,lose.v.05,lose.v.02,0
cell~phone,cellphone.n.01,cellphone.n.01,1
's,O,O,1
going,go.v.01,go.v.01,1
to,O,O,1
Can,O,O,1
use,use.v.01,use.v.01,1
dictionary,dictionary.n.01,dictionary.n.01,1
had,have_on.v.01,O,0
hat,hat.n.01,hat.n.01,1
on,O,O,1
are,O,O,1
certainly,certainly.r.01,surely.r.01,0
homesick,homesick.a.01,homesick.a.01,1
bought,buy.v.01,buy.v.01,1
newspaper,newspaper.n.01,newspaper.n.03,0
's,O,O,1
not,O,O,1
very,very.r.01,very.r.01,1
handsome,handsome.a.01,handsome.a.01,1
have,have.v.04,O,0
plastic,plastic.n.01,plastic.n.01,1
tumbler,tumbler.n.02,tumbler.n.01,0
dropped,drop_off.v.03,drop.v.01,0
off,O,O,1
at,O,O,1
wonderful,wonderful.a.01,wonderful.a.01,1
sight,sight.n.01,sight.n.01,1
'm,O,O,1
alone,alone.a.02,entirely.r.02,0
is,O,O,1
very,very.r.01,very.r.01,1
good,good.a.01,good.a.01,1
at,O,O,1
playing,play.v.07,play.v.01,0
violin,violin.n.01,violin.n.01,1
is,O,O,1
aged,aged.a.03,aged.a.03,1
seventeen,O,O,1
has,have.v.12,O,0
insomnia,insomnia.n.01,insomnia.n.01,1
was,O,O,1
never,O,O,1
happy,happy.a.01,happy.a.01,1
one,person.n.01,person.n.01,1
did,do.v.02,O,0
was,be.v.02,O,0
was,O,O,1
belligerent,belligerent.a.01,combatant.n.01,0
There,O,O,1
was,be.v.03,O,0
black,black.a.01,black.a.01,1
jacket,jacket.n.02,jacket.n.01,0
on,O,O,1
book,book.n.02,book.n.02,1
classroom,classroom.n.01,classroom.n.01,1
can,O,O,1
accommodate,accommodate.v.04,accommodate.v.04,1
only,O,O,1
thirty,O,O,1
students,student.n.01,student.n.01,1
're,O,O,1
beautiful,beautiful.a.01,beautiful.a.01,1
Everybody,person.n.01,person.n.01,1
makes,make.v.24,make.v.24,1
mistakes,mistake.n.01,mistake.n.01,1
sheets,sheet.n.02,sheet.n.01,0
piled,pile_up.v.01,pile_up.v.01,1
up,O,O,1
on,O,O,1
desk,desk.n.01,desk.n.01,1
dad,dad.n.01,dad.n.01,1
drops,drop_in.v.01,drop.n.01,0
in,O,O,1
on,O,O,1
from~time~to~time,from_time_to_time.r.01,from_time_to_time.r.01,1
billion,O,billion.n.01,0
adults,adult.n.01,adult.n.01,1
are,O,O,1
illiterate,illiterate.a.01,illiterate.a.01,1
woman,woman.n.01,woman.n.01,1
is,O,O,1
slicing,slice.v.03,slice.v.03,1
eggplant,eggplant.n.01,eggplant.n.01,1
General~elections,general_election.n.01,O,0
were,O,O,1
held,hold.v.03,hold.v.03,1
in,O,O,1
on,O,O,1
of,O,O,1
was,O,O,1
elected,elect.v.01,elect.v.01,1
president,president.n.03,president.n.01,0
whilst,O,O,1
and,O,O,1
emerged,emerge.v.05,emerge.v.01,0
as,O,O,1
largest,large.a.01,large.a.01,1
parties,party.n.01,party.n.04,0
apples,apple.n.01,apple.n.01,1
are,O,O,1
n't,O,O,1
as,O,O,1
good,good.a.01,good.a.01,1
was,O,O,1
killed,kill.v.01,kill.v.01,1
in,O,O,1
has,O,O,1
violated,violate.v.02,violate.v.01,0
state,state.n.03,state.n.01,0
regulations,regulation.n.01,regulation.n.01,1
died,die.v.01,die.v.01,1
in,O,O,1
Several,O,O,1
new,new.a.01,new.a.01,1
political~parties,political_party.n.01,O,0
emerged,emerge.v.02,emerge.v.01,0
landings,landing.n.04,landing.n.04,1
took,take_place.v.01,take.v.02,0
place,O,O,1
in,O,O,1
is,be.v.01,O,0
Norwegian,country.n.02,country.n.02,1
newspaper,newspaper.n.02,newspaper.n.03,0
dreamt,dream.v.02,dream.v.02,1
about,O,O,1
'm,O,O,1
broke,broke.a.01,break_out.v.01,0
is,be.v.01,O,0
beautiful,beautiful.a.01,beautiful.a.01,1
country,country.n.02,country.n.02,1
was,O,O,1
not,O,O,1
always,O,O,1
interested,interested.a.01,interested.a.01,1
in,O,O,1
Japanese,country.n.02,country.n.02,1
festivals,festival.n.02,festival.n.01,0
'm,O,O,1
afraid,afraid.a.02,afraid.a.01,0
line,line.n.15,line.n.09,0
is,O,O,1
busy,busy.a.05,busy.a.01,0
was,O,O,1
born,bear.v.02,bear.v.02,1
in,O,O,1
do,O,O,1
n't,O,O,1
remember,remember.v.01,remember.v.01,1
name,name.n.01,name.n.01,1
clock,clock.n.01,clock.n.01,1
right,right.a.08,O,0
's,O,O,1
ten,O,O,1
minutes,minute.n.01,minute.n.01,1
fast,fast.a.02,fast.a.02,1
judge,judge.n.01,judge.n.01,1
's,O,O,1
decision,decision.n.02,decision.n.02,1
is,O,O,1
final,final.a.03,final.a.01,0
am,O,O,1
eighteen,O,O,1
years,year.n.01,year.n.01,1
old,old.a.01,old.a.01,1
's,O,O,1
much,O,O,1
taller,tall.a.01,tall.a.01,1
than,O,O,1
can,O,O,1
not,O,O,1
swim,swim.v.01,swim.v.01,1
won,win.v.01,win.v.01,1
lottery,lottery.n.02,lottery.n.01,0
pulse,pulse.n.03,pulsation.n.01,0
is,O,O,1
slow,slow.a.02,slow.a.04,0
is,be.v.08,O,0
great,great.a.02,great.a.04,0
scientist,scientist.n.01,scientist.n.01,1
is,O,O,1
not,O,O,1
younger,young.a.01,young.a.01,1
than,O,O,1
doctor,doctor.n.01,doctor.n.01,1
took,take.v.24,take.v.02,0
pulse,pulse.n.03,pulsation.n.01,0
am,be.v.02,O,0
first,O,O,1
airplane,airplane.n.01,airplane.n.01,1
flew,fly.v.01,fly.v.01,1
in,O,O,1
for,O,O,1
twelve,O,O,1
seconds,second.n.01,second.n.01,1
bought,buy.v.01,buy.v.01,1
thimble,thimble.n.02,O,0
'm,O,O,1
sick,sick.a.01,sick.a.01,1
trees,tree.n.01,tree.n.01,1
are,O,O,1
green,green.a.01,green.a.01,1
Extremely,extremely.r.01,highly.r.01,0
loud,loud.a.01,loud.a.01,1
music,O,music.n.01,0
interrupted,interrupt.v.03,interrupt.v.01,0
conversation,conversation.n.01,conversation.n.01,1
There,O,O,1
are,be.v.03,O,0
errors,error.n.07,error.n.01,0
in,O,O,1
phone~bill,phone_bill.n.01,O,0
beautiful,beautiful.a.01,beautiful.a.01,1
city,city.n.01,city.n.01,1
song,song.n.01,song.n.01,1
is,O,O,1
called,call.v.01,call.v.01,1
must,O,O,1
promise,promise.v.01,promise.v.01,1
something,entity.n.01,entity.n.01,1
's,O,O,1
cliche,cliche.n.01,platitude.n.01,0
but,O,O,1
true,true.a.01,true.a.01,1
emit,emit.v.02,O,0
heat,heat.n.01,heat.n.02,0
According,according.a.02,according.a.02,1
to,O,O,1
newspaper,newspaper.n.01,newspaper.n.03,0
there,O,O,1
was,be.v.03,O,0
earthquake,earthquake.n.01,earthquake.n.01,1
in,O,O,1
focal~point,focal_point.n.03,O,0
is,be.v.02,O,0
avoidance,avoidance.n.01,avoidance.n.01,1
of,O,O,1
industrial,industrial.a.01,industrial.a.01,1
accidents,accident.n.01,accident.n.01,1
is,be.v.02,O,0
's,O,O,1
last~name,last_name.n.01,last_name.n.01,1
is,be.v.06,O,0
exchange~rate,exchange_rate.n.01,exchange_rate.n.01,1
of,O,O,1
yuan,yuan.n.01,yuan.n.01,1
to,O,O,1
dollar,dollar.n.01,dollar.n.01,1
is,be.v.08,O,0
king,king.n.01,king.n.01,1
ruled,rule.v.01,govern.v.03,0
over,O,O,1
island,island.n.01,island.n.01,1
fire,fire.v.04,fire.n.01,0
have,have.v.16,O,0
tennis~elbow,tennis_elbow.n.01,O,0
slapped,slap.v.01,slap.v.01,1
To,O,O,1
does,O,O,1
umbrella,umbrella.n.01,umbrella.n.01,1
belong,belong.v.01,belong.v.05,0
've,O,O,1
married,marry.v.01,marry.v.01,1
wrong,wrong.a.03,wrong.a.01,0
person,person.n.01,person.n.01,1
'll,O,O,1
find,find.v.03,find.v.03,1
cheered,cheer.v.02,cheer.v.01,0
did,do.v.02,O,0
dishes,dish.n.01,dish.n.01,1
for,O,O,1
Do,O,O,1
n't,O,O,1
blow,blow.v.01,blow.n.01,0
in,O,O,1
beehive,beehive.n.02,beehive.n.01,0
am,O,O,1
eating,eat.v.01,eat.v.01,1
cucumber,cucumber.n.02,cucumber.n.02,1
is,O,O,1
deeply,deeply.r.01,deeply.r.01,1
attached,attached.a.04,attach.v.01,0
to,O,O,1
parents,parent.n.01,parent.n.01,1
squirrel,squirrel.n.01,squirrel.n.01,1
is,O,O,1
allergic,allergic.a.02,allergic.a.02,1
to,O,O,1
nuts,nut.n.01,nuts.a.01,0
is,O,O,1
taking,take_care.v.02,take.v.18,0
care,care.n.01,care.n.01,1
of,O,O,1
girl,girl.n.01,girl.n.01,1
is,O,O,1
buying,buy.v.01,buy.v.01,1
milk,milk.n.01,milk.n.01,1
at,O,O,1
supermarket,supermarket.n.01,supermarket.n.01,1
Where,location.n.01,location.n.01,1
on,O,O,1
earth,earth.n.01,earth.n.01,1
were,be.v.03,O,0
By,O,O,1
was,O,O,1
poem,poem.n.01,poem.n.01,1
written,write.v.01,write.v.01,1
left,leave.v.01,leave.v.01,1
for,O,O,1
must,O,O,1
be,O,O,1
fined,fine.v.01,fine.v.01,1
if,O,O,1
breaks,break.v.06,break_down.v.04,0
law,law.n.01,law.n.01,1
country,country.n.01,country.n.02,0
broke,break_off.v.02,break_out.v.01,0
off,O,O,1
diplomatic,diplomatic.a.01,diplomatic.a.01,1
relations,relation.n.06,relations.n.01,0
with,O,O,1
United~States,state.n.04,country.n.02,0
drew,draw.v.09,draw.v.06,0
shortest,short.a.02,short.a.02,1
straw,straw.n.04,straw.n.04,1
am,be.v.03,O,0
from,O,O,1
spoke,speak.v.01,speak.v.02,0
gave,give.v.03,give.v.03,1
compact~disc,compact_disc.n.01,O,0
accompanied,accompany.v.03,accompany.v.03,1
on,O,O,1
piano,piano.n.01,piano.n.01,1
like,like.v.02,like.v.02,1
dragon~fruit,pitahaya.n.02,O,0
booked,book.v.02,book.v.01,0
seat,seat.n.01,seat.n.01,1
flew,fly.v.09,fly.v.01,0
to,O,O,1
am,O,O,1
Bulgarian,country.n.02,bulgarian.a.01,0
Approximately,O,O,1
seven~billion,O,O,1
people,person.n.01,person.n.01,1
inhabit,inhabit.v.01,populate.v.01,0
planet,planet.n.01,planet.n.03,0
book,book.n.02,book.n.02,1
costs,cost.v.01,cost.v.01,1
five,O,O,1
dollars,dollar.n.01,dollar.n.01,1
nice,nice.a.01,nice.a.01,1
idea,idea.n.01,idea.n.01,1
cheeks,cheek.n.01,cheek.n.01,1
began,begin.v.01,begin.v.01,1
to,O,O,1
glow,glow.v.03,glow.v.01,0
with,O,O,1
shame,shame.n.01,shame.n.01,1
wrote,write.v.02,write.v.01,0
four,O,O,1
letters,letter.n.01,letter.n.01,1
poor,poor.a.01,poor.a.04,0
old,old.a.01,old.a.01,1
woman,woman.n.01,woman.n.01,1
was,O,O,1
robbed,rob.v.01,rob.v.01,1
of,O,O,1
money,money.n.01,money.n.01,1
swans,swan.n.01,swan.n.01,1
are,O,O,1
white,white.a.01,white.a.01,1
novel,novel.n.01,novel.n.01,1
is,O,O,1
n't,O,O,1
as,O,O,1
good,good.a.01,good.a.01,1
last,last.a.01,last.a.02,0
one,novel.n.01,person.n.01,0
's,O,O,1
strange,strange.a.01,strange.a.01,1
did,O,O,1
n't,O,O,1
mention,mention.v.01,mention.n.01,0
went,go.v.01,go.v.01,1
instead,O,O,1
of,O,O,1
dad,dad.n.01,dad.n.01,1
've,O,O,1
always,O,O,1
been,O,O,1
afraid,afraid.a.01,afraid.a.01,1
of,O,O,1
doctors,doctor.n.01,doctor.n.01,1
whispered,whisper.v.01,whisper.v.01,1
something,entity.n.01,entity.n.01,1
into,O,O,1
ear,ear.n.01,ear.n.01,1
is,be.v.08,O,0
good,good.a.08,good.a.01,0
tennis~player,tennis_player.n.01,tennis_player.n.01,1
looks,look.v.02,look_like.v.01,0
very,very.r.01,very.r.01,1
sick,sick.a.01,sick.a.01,1
want,want.v.01,want.v.01,1
to,O,O,1
complain,complain.v.01,complain.v.01,1
about,O,O,1
service,service.n.01,service.n.01,1
ran,run_away.v.01,run_away.v.01,1
away,O,O,1
from,O,O,1
home,home.n.01,home.n.01,1
when,O,O,1
was,O,O,1
thirteen,O,O,1
's,be.v.01,O,0
something,entity.n.01,entity.n.01,1
special,special.a.03,particular.s.01,0
've,O,O,1
told,tell.v.02,tell.v.02,1
hundred,O,O,1
times,time.n.01,time.n.01,1
was,O,O,1
breathing,breathe.v.01,breathe.v.01,1
does,O,O,1
n't,O,O,1
like,like.v.02,like.v.02,1
speaking,speak.v.04,speak.v.02,0
in~public,in_public.r.01,in_public.r.01,1
listened,listen.v.01,listen.v.01,1
to,O,O,1
music,music.n.01,music.n.01,1
have,have.v.01,O,0
three,O,O,1
daughters,daughter.n.01,daughter.n.01,1
ca,O,O,1
n't,O,O,1
run,run_away.v.01,run_over.v.01,0
away,O,O,1
bought,buy.v.01,buy.v.01,1
fake,fake.a.02,fake.a.02,1
handbag,handbag.n.01,handbag.n.01,1
train,train.n.01,train.n.01,1
is,O,O,1
minutes,minute.n.01,minute.n.01,1
overdue,overdue.a.01,overdue.a.01,1
put,put.v.01,put.v.01,1
bandage,bandage.n.01,bandage.n.01,1
on,O,O,1
's,O,O,1
cut,cut.n.05,cut.v.01,0
street,street.n.01,street.n.01,1
was,O,O,1
bustling,bustle.v.01,bustle.v.01,1
with,O,O,1
shoppers,shopper.n.01,shopper.n.01,1
plans,plan.n.01,plan.n.01,1
seem,seem.v.01,look.v.02,0
much,much.r.01,O,0
alike,alike.a.01,alike.a.01,1
to,O,O,1
bought,buy.v.01,buy.v.01,1
lot,O,O,1
of,O,O,1
things,thing.n.04,things.n.01,0
at,O,O,1
flea~market,flea_market.n.01,flea_market.n.01,1
train,train.n.01,train.n.01,1
departs,depart.v.01,depart.v.01,1
at,O,O,1
little,little.a.03,little.a.03,1
girl,girl.n.01,girl.n.01,1
deeply,deeply.r.01,deeply.r.01,1
moved,move.v.09,move.v.02,0
by,O,O,1
old,old.a.01,old.a.01,1
man,man.n.01,man.n.01,1
's,O,O,1
pitiful,pitiful.a.03,pathetic.s.02,0
story,story.n.01,story.n.01,1
burst,burst.v.02,burst.v.01,0
into,O,O,1
tears,tear.n.01,tear.n.01,1
am,be.v.03,O,0
from,O,O,1
's,O,O,1
hooked,hooked.a.02,hook.v.09,0
on,O,O,1
Where,location.n.01,location.n.01,1
in,O,O,1
world,world.n.04,world.n.04,1
have,O,O,1
been,be.v.03,O,0
Urdu,urdu.n.01,urdu.n.01,1
is,be.v.02,O,0
mother~tongue,mother_tongue.n.01,mother_tongue.n.01,1
There,O,O,1
are,be.v.03,O,0
forty~thousand,O,O,1
cameras,camera.n.01,camera.n.01,1
in,O,O,1
's,O,O,1
pen,pen.n.01,pen.n.01,1
is,O,O,1
black,black.a.01,black.a.01,1
keeps,keep.v.16,keep.v.08,0
black,black.a.01,black.a.01,1
cat,cat.n.01,cat.n.01,1
was,O,O,1
born,bear.v.02,bear.v.02,1
at,O,O,1
six~a.m.,O,O,1
on,O,O,1
Prices,price.n.02,monetary_value.n.01,0
have,O,O,1
jumped,jump.v.04,jump.v.01,0
bought,buy.v.01,buy.v.01,1
hot~dog,hot_dog.n.02,hot_dog.n.02,1
brother,brother.n.01,brother.n.01,1
lives,live.v.01,live.v.01,1
in,O,O,1
small,small.a.02,small.a.01,0
village,village.n.01,village.n.02,0
have,O,O,1
to,O,O,1
tighten,tighten.v.01,tighten.v.01,1
bolts,bolt.n.06,thunderbolt.n.01,0
lived,live.v.05,live.v.01,0
from,O,O,1
to,O,O,1
's,O,O,1
hooked,hooked.a.02,hook.v.09,0
on,O,O,1
cigarettes,cigarette.n.01,cigarette.n.01,1
does,O,O,1
n't,O,O,1
drink,drink.v.01,drink.v.01,1
alcoholic~drinks,alcoholic_drink.n.01,alcoholic_drink.n.01,1
desk,desk.n.01,desk.n.01,1
is,O,O,1
made,make.v.06,make.v.06,1
of,O,O,1
wood,wood.n.01,wood.n.01,1
pouted,pout.v.01,sulk.v.01,0
when,O,O,1
was,O,O,1
told,tell.v.04,tell.v.02,0
to,O,O,1
wash,wash.v.03,wash.v.03,1
dishes,dish.n.01,dish.n.01,1
old,old.a.01,old.a.01,1
lady,lady.n.01,lady.n.01,1
is,O,O,1
still,O,O,1
counting,count.v.01,count.v.01,1
change,change.n.05,change.v.02,0
can,O,O,1
not,O,O,1
wipe,wipe.v.01,wipe.v.01,1
table,table.n.02,table.n.02,1
do,O,O,1
n't,O,O,1
have,have.v.04,O,0
cloth,cloth.n.01,cloth.n.01,1
grandfather,grandfather.n.01,grandfather.n.01,1
suffers,suffer.v.02,suffer.v.02,1
from,O,O,1
hypertension,hypertension.n.01,high_blood_pressure.n.01,0
driver,driver.n.01,driver.n.01,1
overtook,overtake.v.02,overtake.v.01,0
car,car.n.01,car.n.01,1
started,start.v.01,start.v.02,0
shooting,shoot.v.01,shoot.v.01,1
look,look_down_on.v.01,look_for.v.01,0
down,O,O,1
on,O,O,1
liars,liar.n.01,liar.n.01,1
and,O,O,1
cheats,cheat.n.03,darnel.n.01,0
offered,offer.v.02,offer.v.02,1
beer,beer.n.01,beer.n.01,1
said,say.v.02,say.v.01,0
grew,grow_up.v.01,grow_up.v.01,1
up,O,O,1
in,O,O,1
went,go.v.01,go.v.01,1
to,O,O,1
park,park.n.02,park.n.02,1
yesterday,O,O,1
is,O,O,1
n't,O,O,1
as,O,O,1
tall,tall.a.01,tall.a.01,1
got,get.v.22,O,0
wrist~watch,wrist_watch.n.01,O,0
king,king.n.01,king.n.01,1
's,O,O,1
son,son.n.01,son.n.01,1
was,O,O,1
kidnapped,kidnap.v.01,kidnap.v.01,1
hotel,hotel.n.01,hotel.n.01,1
can,O,O,1
accommodate,accommodate.v.04,accommodate.v.04,1
over,O,O,1
guests,guest.n.03,guest.n.01,0
and,O,O,1
chatted,chat.v.01,chat.v.01,1
about,O,O,1
weather,weather.n.01,weather.n.01,1
Today,O,O,1
have,have.v.16,O,0
pain,pain.n.01,pain.n.01,1
's,be.v.02,O,0
close,close.a.02,close.v.03,0
friend,friend.n.01,friend.n.01,1
of,O,O,1
mine,O,O,1
mother,mother.n.01,mother.n.01,1
sews,sew.v.01,O,0
Something,entity.n.01,entity.n.01,1
had,O,O,1
n't,O,O,1
anticipated,anticipate.v.02,expect.v.01,0
happened,happen.v.01,happen.v.01,1
is,O,O,1
not,O,O,1
happy,happy.a.01,happy.a.01,1
wiggled,wiggle.v.01,wiggle.v.01,1
toes,toe.n.01,toe.n.01,1
'm,O,O,1
very,O,very.r.01,0
reserved,reserved.a.02,reserve.v.03,0
bag,bag.n.01,bag.n.01,1
is,O,O,1
made,make.v.06,make.v.06,1
of,O,O,1
leather,leather.n.01,leather.n.01,1
's,O,O,1
weird,weird.a.01,weird.a.01,1
flying~saucer,flying_saucer.n.01,O,0
came,come.v.02,come.v.02,1
and,O,O,1
took,take_away.v.01,take.v.02,0
cows,cow.n.01,cow.n.01,1
away,O,O,1
There,O,O,1
's,be.v.03,O,0
secret,secret.a.06,secret.a.06,1
drawer,drawer.n.01,drawer.n.01,1
in,O,O,1
desk,desk.n.01,desk.n.01,1
aim,aim.v.01,aim.v.01,1
at,O,O,1
ducks,duck.n.01,duck.n.01,1
but,O,O,1
do,O,O,1
n't,O,O,1
shoot,shoot.v.01,shoot.v.01,1
check,check.n.01,check.n.01,1
was,O,O,1
not,O,O,1
honored,honor.v.03,honor.v.01,0
room,room.n.01,room.n.01,1
is,O,O,1
quite,quite.r.01,quite.r.01,1
small,small.a.02,small.a.01,0
was,O,O,1
wearing,wear.v.01,wear.v.01,1
orange,orange.a.01,orange.n.01,0
prison,prison.n.01,prison.n.01,1
jumpsuit,jumpsuit.n.01,jump_suit.n.01,0
cat,cat.n.01,cat.n.01,1
is,O,O,1
playing,play.v.05,play.v.01,0
with,O,O,1
ball,ball.n.01,ball.n.01,1
rubbed,rub.v.01,rub.v.01,1
sore,sore.a.01,sore.n.01,0
feet,foot.n.01,foot.n.02,0
bird,bird.n.01,bird.n.01,1
is,be.v.01,O,0
wagtail,wagtail.n.01,wagtail.n.01,1
little,little.a.01,little.a.03,0
boy,boy.n.01,boy.n.01,1
is,be.v.03,O,0
at,O,O,1
zoo,zoo.n.01,zoo.n.01,1
